-- phpMyAdmin SQL Dump
-- version 4.7.4
-- https://www.phpmyadmin.net/
--
-- Host: 127.0.0.1
-- Generation Time: Apr 07, 2019 at 07:14 PM
-- Server version: 10.1.19-MariaDB
-- PHP Version: 7.1.9

SET SQL_MODE = "NO_AUTO_VALUE_ON_ZERO";
SET AUTOCOMMIT = 0;
START TRANSACTION;
SET time_zone = "+00:00";


/*!40101 SET @OLD_CHARACTER_SET_CLIENT=@@CHARACTER_SET_CLIENT */;
/*!40101 SET @OLD_CHARACTER_SET_RESULTS=@@CHARACTER_SET_RESULTS */;
/*!40101 SET @OLD_COLLATION_CONNECTION=@@COLLATION_CONNECTION */;
/*!40101 SET NAMES utf8mb4 */;

--
-- Database: `pileg_kabupaten`
--

-- --------------------------------------------------------

--
-- Table structure for table `calon_dpr`
--

CREATE TABLE `calon_dpr` (
  `id_calon` int(11) UNSIGNED NOT NULL,
  `id_dapil` int(11) UNSIGNED NOT NULL,
  `id_partai` int(11) UNSIGNED NOT NULL,
  `foto_calon` varchar(255) DEFAULT NULL,
  `nama_calon` varchar(50) NOT NULL,
  `isDeleted` tinyint(1) NOT NULL DEFAULT '0',
  `created_at` timestamp NOT NULL DEFAULT CURRENT_TIMESTAMP ON UPDATE CURRENT_TIMESTAMP,
  `updated_at` timestamp NOT NULL DEFAULT '0000-00-00 00:00:00'
) ENGINE=InnoDB DEFAULT CHARSET=latin1;

--
-- Dumping data for table `calon_dpr`
--

INSERT INTO `calon_dpr` (`id_calon`, `id_dapil`, `id_partai`, `foto_calon`, `nama_calon`, `isDeleted`, `created_at`, `updated_at`) VALUES
(1, 13, 3, '1554492420.jpg', 'ROSMALINA DEWI,SE', 0, '2019-04-05 19:27:00', '2019-04-05 19:27:00'),
(2, 13, 3, '1554492440.jpg', 'HASAN BASRI', 0, '2019-04-05 19:27:20', '2019-04-05 19:27:20'),
(3, 13, 3, '1554492460.jpg', 'AR.FACHRIANTO,SIP', 0, '2019-04-05 19:27:40', '2019-04-05 19:27:40'),
(4, 13, 3, '1554492481.jpg', 'USMAN,S.Sos', 0, '2019-04-05 19:28:01', '2019-04-05 19:28:01'),
(5, 13, 3, '1554492522.jpg', 'NANDA PERMANA,S.Pd,M.Pd', 0, '2019-04-05 19:28:42', '2019-04-05 19:28:42'),
(6, 13, 3, '1554492544.jpg', 'ANITA PUTRI', 0, '2019-04-05 19:29:04', '2019-04-05 19:29:04'),
(7, 13, 3, '1554492573.jpg', 'VENISHA ALIA,SH', 0, '2019-04-05 19:29:33', '2019-04-05 19:29:33'),
(8, 13, 3, '1554492591.jpg', 'ARI GUNAWAN', 0, '2019-04-05 19:29:52', '2019-04-05 19:29:52'),
(9, 13, 3, '1554492607.jpg', 'AHMAD YANI,SH', 0, '2019-04-05 19:30:07', '2019-04-05 19:30:07'),
(10, 13, 4, '1554492640.jpg', 'H.ISMAN (BEDUL)', 0, '2019-04-05 19:30:40', '2019-04-05 19:30:40'),
(11, 13, 4, '1554492657.jpg', 'SUFRIAL', 0, '2019-04-05 19:30:57', '2019-04-05 19:30:57'),
(12, 13, 4, '1554492694.jpg', 'LISA LESTARI,S.M', 0, '2019-04-05 19:31:34', '2019-04-05 19:31:34'),
(13, 13, 4, '1554492710.jpg', 'DARWANDI', 0, '2019-04-05 19:31:50', '2019-04-05 19:31:50'),
(14, 13, 4, '1554492736.jpg', 'AFRIZAL TANJUNG', 0, '2019-04-05 19:32:16', '2019-04-05 19:32:16'),
(15, 13, 4, '1554492758.jpg', 'ERMAWITA', 0, '2019-04-05 19:32:38', '2019-04-05 19:32:38'),
(16, 13, 4, '1554492778.jpg', 'AFRIZAL,N', 0, '2019-04-05 19:32:58', '2019-04-05 19:32:58'),
(17, 13, 4, '1554492803.jpg', 'RIKE KURNIAWAN,S.T', 0, '2019-04-05 19:33:23', '2019-04-05 19:33:23'),
(18, 13, 4, '1554492824.jpg', 'RINI AFRIYANTI', 0, '2019-04-05 19:33:44', '2019-04-05 19:33:44'),
(19, 13, 5, '1554493416.jpg', 'GUSRIYANDI RIFA\'I', 0, '2019-04-05 19:43:36', '2019-04-05 19:43:36'),
(20, 13, 5, '1554493432.jpg', 'YUSIRWAN', 0, '2019-04-05 19:43:52', '2019-04-05 19:43:52'),
(21, 13, 5, '1554493453.jpg', 'NOVRIZA ELSA', 0, '2019-04-05 19:44:13', '2019-04-05 19:44:13'),
(22, 13, 5, '1554493472.jpg', 'ABD.GAFAR', 0, '2019-04-05 19:44:33', '2019-04-05 19:44:33'),
(23, 13, 5, '1554493500.jpg', 'DEWI PURNA ASNITA', 0, '2019-04-05 19:45:00', '2019-04-05 19:45:00'),
(24, 13, 5, '1554493540.jpg', 'CAPRIO ARIFIN SINAGA,S.IP', 0, '2019-04-05 19:45:40', '2019-04-05 19:45:40'),
(25, 13, 5, '1554493572.jpg', 'WIWIK BUDI MAWAR,S.Pd', 0, '2019-04-05 19:46:12', '2019-04-05 19:46:12'),
(26, 13, 5, '1554493586.jpg', 'ABU BAKAR', 0, '2019-04-05 19:46:26', '2019-04-05 19:46:26'),
(27, 13, 5, '1554493607.jpg', 'AL MAHFUZ', 0, '2019-04-05 19:46:47', '2019-04-05 19:46:47'),
(28, 13, 6, '1554493635.jpg', 'ZUHELMI BME', 0, '2019-04-05 19:47:15', '2019-04-05 19:47:15'),
(29, 13, 6, '1554493669.jpg', 'MALAHASWARI HOESSIN SAAD,BA', 0, '2019-04-05 19:47:49', '2019-04-05 19:47:49'),
(30, 13, 6, '1554493778.jpg', 'HJ,SYARIFAH HALIMUN', 0, '2019-04-05 19:49:38', '2019-04-05 19:49:38'),
(31, 13, 6, '1554493799.jpg', 'MUHAMMAD HARIS', 0, '2019-04-05 19:49:59', '2019-04-05 19:49:59'),
(32, 13, 6, '1554493819.jpg', 'HERRY JUSNAIDI', 0, '2019-04-05 19:50:19', '2019-04-05 19:50:19'),
(33, 13, 6, '1554493843.jpg', 'ANIPATUL HUSNA', 0, '2019-04-05 19:50:43', '2019-04-05 19:50:43'),
(34, 13, 6, '1554493860.jpg', 'DERMADI', 0, '2019-04-05 19:51:00', '2019-04-05 19:51:00'),
(35, 13, 6, '1554493897.jpg', 'HJ,HAMIDAH,S.Sos,M.Si', 0, '2019-04-05 19:51:37', '2019-04-05 19:51:37'),
(36, 13, 6, '1554493921.jpg', 'M.SALAHUDIN,S.Sos', 0, '2019-04-05 19:52:02', '2019-04-05 19:52:02'),
(37, 13, 7, '1554524979.jpg', 'EDIANTO', 0, '2019-04-06 04:29:39', '2019-04-06 04:29:39'),
(38, 13, 7, '1554525006.jpg', 'M.RIADH AL KAMAL', 0, '2019-04-06 04:30:07', '2019-04-06 04:30:07'),
(39, 13, 7, '1554525030.jpg', 'ERNI', 0, '2019-04-06 04:30:30', '2019-04-06 04:30:30'),
(40, 13, 7, '1554525059.jpg', 'ARYAWINATAS,SE', 0, '2019-04-06 04:30:59', '2019-04-06 04:30:59'),
(41, 13, 7, '1554525155.jpg', 'BUJANG BARITO', 0, '2019-04-06 04:32:36', '2019-04-06 04:32:36'),
(42, 13, 7, '1554525935.jpg', 'NOVA MAHLIZA DEWI', 0, '2019-04-05 21:45:35', '2019-04-06 04:45:35'),
(43, 13, 7, '1554525965.jpg', 'ZUHERMAN,S.Pd.I', 0, '2019-04-06 04:46:05', '2019-04-06 04:46:05'),
(44, 13, 7, '1554525999.jpg', 'HELLY SUSANTI,S.I.P', 0, '2019-04-06 04:46:39', '2019-04-06 04:46:39'),
(45, 13, 7, '1554526030.jpg', 'Ir.RINDANG SARMELIN SIAHAN', 0, '2019-04-06 04:47:10', '2019-04-06 04:47:10'),
(46, 13, 9, '1554526089.jpg', 'ISMAH RAMLI,S.Sos', 0, '2019-04-06 04:48:10', '2019-04-06 04:48:10'),
(47, 13, 9, '1554526116.jpg', 'ISHAK,S.IP', 0, '2019-04-06 04:48:36', '2019-04-06 04:48:36'),
(48, 13, 9, '1554526137.jpg', 'WATRA', 0, '2019-04-06 04:48:57', '2019-04-06 04:48:57'),
(49, 13, 9, '1554526179.jpg', 'DRS.H.IDRIS ZAINAL,M.Si', 0, '2019-04-06 04:49:39', '2019-04-06 04:49:39'),
(50, 13, 9, '1554526207.jpg', 'AMRIN,sm.HK', 0, '2019-04-06 04:50:07', '2019-04-06 04:50:07'),
(51, 13, 9, '1554526232.jpg', 'YULIE DWI UTARI', 0, '2019-04-06 04:50:33', '2019-04-06 04:50:33'),
(52, 13, 9, '1554526262.jpg', 'IDHAM HALKA,S.E', 0, '2019-04-06 04:51:02', '2019-04-06 04:51:02'),
(53, 13, 9, '1554526306.jpg', 'MARWANSYAHPUTRA SIREGAR.S.Ds', 0, '2019-04-06 04:51:47', '2019-04-06 04:51:47'),
(54, 13, 9, '1554526331.jpg', 'SRI ELDAWATI', 0, '2019-04-06 04:52:11', '2019-04-06 04:52:11'),
(55, 13, 10, '1554526591.jpg', 'ROZALI, S.Fil.I', 0, '2019-04-06 04:56:31', '2019-04-06 04:56:31'),
(56, 13, 10, '1554526609.jpg', 'SUGINI', 0, '2019-04-06 04:56:49', '2019-04-06 04:56:49'),
(57, 13, 10, '1554526647.jpg', 'BETHIPHA SRIDEWI', 0, '2019-04-06 04:57:27', '2019-04-06 04:57:27'),
(58, 13, 10, '1554526678.jpg', 'RYO GULID TUMANGGOR', 0, '2019-04-06 04:57:58', '2019-04-06 04:57:58'),
(59, 13, 10, '1554526707.jpg', 'ROSMAINI', 0, '2019-04-06 04:58:27', '2019-04-06 04:58:27'),
(60, 13, 10, '1554526725.jpg', 'HERMAN', 0, '2019-04-06 04:58:46', '2019-04-06 04:58:46'),
(61, 13, 10, '1554526762.jpg', 'AFRI YENNI', 0, '2019-04-06 04:59:22', '2019-04-06 04:59:22'),
(62, 13, 10, '1554526787.jpg', 'APRI SUSANDRA', 0, '2019-04-06 04:59:48', '2019-04-06 04:59:48'),
(63, 13, 11, '1554529379.jpg', 'SYAFARUDIN', 0, '2019-04-06 05:42:59', '2019-04-06 05:42:59'),
(64, 13, 11, '1554529409.jpg', 'KASMIYATI,S.Pd', 0, '2019-04-06 05:43:29', '2019-04-06 05:43:29'),
(65, 13, 11, '1554529432.jpg', 'WENI SANTI,SE', 0, '2019-04-06 05:43:52', '2019-04-06 05:43:52'),
(66, 13, 11, '1554529471.jpg', 'DWI CHRISTIANA,S.W', 0, '2019-04-06 05:44:31', '2019-04-06 05:44:31'),
(67, 13, 11, '1554529502.jpg', 'FIRDAUS,A.Ma', 0, '2019-04-06 05:45:03', '2019-04-06 05:45:03'),
(68, 13, 11, '1554529525.jpg', 'ANWAR', 0, '2019-04-06 05:45:25', '2019-04-06 05:45:25'),
(69, 13, 11, '1554529546.jpg', 'KHAIRUL SALEH', 0, '2019-04-06 05:45:47', '2019-04-06 05:45:47'),
(70, 13, 11, '1554529571.jpg', 'DEVI ANDAYANI', 0, '2019-04-06 05:46:11', '2019-04-06 05:46:11'),
(71, 13, 11, '1554529591.jpg', 'ISGIANTO', 0, '2019-04-06 05:46:31', '2019-04-06 05:46:31'),
(72, 13, 12, '1554529652.jpg', 'DESMATI,S.T', 0, '2019-04-06 05:47:32', '2019-04-06 05:47:32'),
(73, 13, 12, '1554529670.jpg', 'EFENDI', 0, '2019-04-06 05:47:50', '2019-04-06 05:47:50'),
(74, 13, 12, '1554529714.jpg', 'FACHRUDDIN.H.MARZUKI', 0, '2019-04-06 05:48:34', '2019-04-06 05:48:34'),
(75, 13, 12, '1554529731.jpg', 'MARDANUS', 0, '2019-04-06 05:48:51', '2019-04-06 05:48:51'),
(76, 13, 12, '1554529752.jpg', 'ABDURAHMAN', 0, '2019-04-06 05:49:12', '2019-04-06 05:49:12'),
(77, 13, 12, '1554529772.jpg', 'ANA GUSTINA', 0, '2019-04-06 05:49:32', '2019-04-06 05:49:32'),
(78, 13, 12, '1554529804.jpg', 'MUHAMMAD DANIEL,S.Kom', 0, '2019-04-06 05:50:04', '2019-04-06 05:50:04'),
(79, 13, 12, '1554529822.jpg', 'NUR AZIZAH', 0, '2019-04-06 05:50:22', '2019-04-06 05:50:22'),
(80, 13, 12, '1554529843.jpg', 'M.ANWAR', 0, '2019-04-06 05:50:43', '2019-04-06 05:50:43'),
(81, 13, 13, '1554529892.jpg', 'R.YUDIAN ZULKARNAIN', 0, '2019-04-06 05:51:32', '2019-04-06 05:51:32'),
(82, 13, 13, '1554529921.jpg', 'MUKHSIN', 0, '2019-04-06 05:52:01', '2019-04-06 05:52:01'),
(83, 13, 13, '1554529947.jpg', 'ITA SRIMULYANI', 0, '2019-04-06 05:52:27', '2019-04-06 05:52:27'),
(84, 13, 13, '1554529976.jpg', 'RICKARDO CHAIRAT', 0, '2019-04-06 05:52:56', '2019-04-06 05:52:56'),
(85, 13, 13, '1554530023.jpg', 'VERA ANGGRAINI', 0, '2019-04-06 05:53:43', '2019-04-06 05:53:43'),
(86, 13, 13, '1554530294.jpg', 'JONI PARLIN GULTOM', 0, '2019-04-06 05:58:15', '2019-04-06 05:58:15'),
(87, 13, 13, '1554530324.jpg', 'ERNA RAHAYU', 0, '2019-04-06 05:58:44', '2019-04-06 05:58:44'),
(88, 13, 14, '1554530362.jpg', 'ANDRY SANUSI', 0, '2019-04-06 05:59:22', '2019-04-06 05:59:22'),
(89, 13, 14, '1554530402.jpg', 'KUSNAIDI,S.Pd.I', 0, '2019-04-06 06:00:02', '2019-04-06 06:00:02'),
(90, 13, 14, '1554530467.jpg', 'MEGAWATI,SH', 0, '2019-04-06 06:01:07', '2019-04-06 06:01:07'),
(91, 13, 14, '1554530517.jpg', 'M.FAUZI,S.Pd.I', 0, '2019-04-06 06:01:57', '2019-04-06 06:01:57'),
(92, 13, 14, '1554530545.jpg', 'H.ELDINERI (BUJANG HOKKI)', 0, '2019-04-06 06:02:25', '2019-04-06 06:02:25'),
(93, 13, 14, '1554530570.jpg', 'ROSJENNETI', 0, '2019-04-06 06:02:50', '2019-04-06 06:02:50'),
(94, 13, 14, '1554530595.jpg', 'ir.DARFIN', 0, '2019-04-06 06:03:16', '2019-04-06 06:03:16'),
(95, 13, 14, '1554530626.jpg', 'RESI NOPRIYANTI,S.AB', 0, '2019-04-06 06:03:46', '2019-04-06 06:03:46'),
(96, 13, 14, '1554530681.jpg', 'AHMAD FARHAN,SY,S.Pd.I', 0, '2019-04-06 06:04:41', '2019-04-06 06:04:41'),
(97, 13, 15, '1554531430.jpg', 'HERIYANTO,SE', 0, '2019-04-06 06:17:10', '2019-04-06 06:17:10'),
(98, 13, 15, '1554531468.jpg', 'REDDY CHAIRISYAN ELAFIRDIAN,SE', 0, '2019-04-06 06:17:48', '2019-04-06 06:17:48'),
(99, 13, 15, '1554531501.jpg', 'MAY AFRIANI MASELA', 0, '2019-04-06 06:18:21', '2019-04-06 06:18:21'),
(100, 13, 15, '1554531542.jpg', 'Drs.H.ABDUL WAHAB', 0, '2019-04-06 06:19:02', '2019-04-06 06:19:02'),
(101, 13, 15, '1554531588.jpg', 'MUHAMMAD FADHOLI', 0, '2019-04-06 06:19:49', '2019-04-06 06:19:49'),
(102, 13, 15, '1554531615.jpg', 'SEPRIYANI', 0, '2019-04-06 06:20:15', '2019-04-06 06:20:15'),
(103, 13, 15, '1554531651.jpg', 'A.JAFAR,S.Pd', 0, '2019-04-06 06:20:51', '2019-04-06 06:20:51'),
(104, 13, 15, '1554531678.jpg', 'ERLINAWATI,S.Ak', 0, '2019-04-06 06:21:18', '2019-04-06 06:21:18'),
(105, 13, 15, '1554531707.jpg', 'ANTON DIAN PUTRA', 0, '2019-04-06 06:21:48', '2019-04-06 06:21:48'),
(106, 13, 16, '1554531809.jpg', 'H.SYAIFUL ACIK BILAI,S.Pd.I', 0, '2019-04-06 06:23:29', '2019-04-06 06:23:29'),
(107, 13, 16, '1554531827.jpg', 'TAUFIK HASAN', 0, '2019-04-06 06:23:47', '2019-04-06 06:23:47'),
(108, 13, 16, '1554531845.jpg', 'IIN ARLINA', 0, '2019-04-06 06:24:05', '2019-04-06 06:24:05'),
(109, 13, 16, '1554531920.jpg', 'H.SYAIFUL ASANI', 0, '2019-04-06 06:25:20', '2019-04-06 06:25:20'),
(110, 13, 16, '1554531949.jpg', 'ARDAMSYAH MARUNRURI', 0, '2019-04-06 06:25:49', '2019-04-06 06:25:49'),
(111, 13, 16, '1554531979.jpg', 'TIA OKTAVIANTI.S', 0, '2019-04-06 06:26:19', '2019-04-06 06:26:19'),
(112, 13, 16, '1554532006.jpg', 'EDI ZULMENTRI', 0, '2019-04-06 06:26:46', '2019-04-06 06:26:46'),
(113, 13, 16, '1554532031.jpg', 'RENDHI ZULFIANDO,S.E', 0, '2019-04-06 06:27:11', '2019-04-06 06:27:11'),
(114, 13, 16, '1554532057.jpg', 'DEVI ANNGRAINI', 0, '2019-04-06 06:27:37', '2019-04-06 06:27:37'),
(115, 13, 17, '1554532081.jpg', 'HERIAN,S.Sos', 0, '2019-04-06 06:28:01', '2019-04-06 06:28:01'),
(116, 13, 17, '1554532099.jpg', 'DESMANTO', 0, '2019-04-06 06:28:20', '2019-04-06 06:28:20'),
(117, 13, 17, '1554532121.jpg', 'MEGA HEVITRI', 0, '2019-04-06 06:28:42', '2019-04-06 06:28:42'),
(118, 13, 17, '1554532163.jpg', 'HABIZAR', 0, '2019-04-06 06:29:23', '2019-04-06 06:29:23'),
(119, 13, 17, '1554532183.jpg', 'MARDIANSYAH', 0, '2019-04-06 06:29:43', '2019-04-06 06:29:43'),
(120, 13, 17, '1554532220.jpg', 'LEKA AFRIYANI', 0, '2019-04-06 06:30:20', '2019-04-06 06:30:20'),
(121, 13, 17, '1554532235.jpg', 'ERLINA', 0, '2019-04-06 06:30:35', '2019-04-06 06:30:35'),
(122, 13, 17, '1554532257.jpg', 'YAHYA,HR,S.Sos', 0, '2019-04-06 06:30:57', '2019-04-06 06:30:57'),
(123, 13, 17, '1554532279.jpg', 'HASANUDIN,S.Sos', 0, '2019-04-06 06:31:19', '2019-04-06 06:31:19'),
(124, 13, 18, '1554532316.jpg', 'H.M.RASYIDI.H.M.Z', 0, '2019-04-06 06:31:56', '2019-04-06 06:31:56'),
(125, 13, 18, '1554532337.jpg', 'ILYA SAPUTRA', 0, '2019-04-06 06:32:17', '2019-04-06 06:32:17'),
(126, 13, 18, '1554532356.jpg', 'MELLYNDA', 0, '2019-04-06 06:32:36', '2019-04-06 06:32:36'),
(127, 13, 18, '1554532391.jpg', 'JOINSYAH SITORUS', 0, '2019-04-06 06:33:11', '2019-04-06 06:33:11'),
(128, 13, 18, '1554532413.jpg', 'ENI GURSRIKA', 0, '2019-04-06 06:33:33', '2019-04-06 06:33:33'),
(129, 13, 18, '1554532456.jpg', 'ZAKIR', 0, '2019-04-06 06:34:16', '2019-04-06 06:34:16'),
(130, 13, 18, '1554532479.jpg', 'NOPARIYA', 0, '2019-04-06 06:34:39', '2019-04-06 06:34:39'),
(131, 13, 18, '1554532504.jpg', 'MADIN MAULANA', 0, '2019-04-06 06:35:04', '2019-04-06 06:35:04'),
(132, 14, 3, '1554534088.jpg', 'ISAMUDDIN,SE.ME', 0, '2019-04-06 07:01:28', '2019-04-06 07:01:28'),
(133, 14, 3, '1554534122.jpg', 'SUNGKOWO,M.Pd.I', 0, '2019-04-06 07:02:02', '2019-04-06 07:02:02'),
(134, 14, 3, '1554534143.jpg', 'DELI', 0, '2019-04-06 07:02:23', '2019-04-06 07:02:23'),
(135, 14, 3, '1554534180.jpg', 'UJANG RUHYAT SYAMSONI,S.Sy,M.Ag', 0, '2019-04-06 07:03:00', '2019-04-06 07:03:00'),
(136, 14, 3, '1554534207.jpg', 'KHOMSIAH GUSNITA', 0, '2019-04-06 07:03:27', '2019-04-06 07:03:27'),
(137, 14, 3, '1554534253.jpg', 'SONI YUDA ARIANTO,M.Pd', 0, '2019-04-06 07:04:13', '2019-04-06 07:04:13'),
(138, 14, 4, '1554534286.jpg', 'ABU BAKAR', 0, '2019-04-06 07:04:46', '2019-04-06 07:04:46'),
(139, 14, 4, '1554534314.jpg', 'JUMARI (ARI WARDOYO)', 0, '2019-04-06 07:05:14', '2019-04-06 07:05:14'),
(140, 14, 4, '1554534344.jpg', 'A.KADIR', 0, '2019-04-06 07:05:44', '2019-04-06 07:05:44'),
(141, 14, 4, '1554534365.jpg', 'ARISMAN', 0, '2019-04-06 07:06:05', '2019-04-06 07:06:05'),
(142, 14, 4, '1554534389.jpg', 'NIKMAH,SE', 0, '2019-04-06 07:06:29', '2019-04-06 07:06:29'),
(143, 14, 4, '1554534412.jpg', 'SOFIA NIRMALA', 0, '2019-04-06 07:06:52', '2019-04-06 07:06:52'),
(144, 14, 4, '1554534438.jpg', 'BENI MARDONI,SE', 0, '2019-04-06 07:07:18', '2019-04-06 07:07:18'),
(145, 14, 5, '1554534470.jpg', 'SYARIPUDDIN', 0, '2019-04-06 07:07:50', '2019-04-06 07:07:50'),
(146, 14, 5, '1554534501.jpg', 'Drs.AGUS SUPANTO,M.Pd', 0, '2019-04-06 07:08:21', '2019-04-06 07:08:21'),
(147, 14, 5, '1554534549.jpg', 'DESMIYENTI,S.Pd', 0, '2019-04-06 07:09:09', '2019-04-06 07:09:09'),
(148, 14, 5, '1554534568.jpg', 'YUNITA SARI', 0, '2019-04-06 07:09:28', '2019-04-06 07:09:28'),
(149, 14, 5, '1554534600.jpg', 'DADANG SUKMAWAN', 0, '2019-04-06 07:10:00', '2019-04-06 07:10:00'),
(150, 14, 5, '1554534628.jpg', 'JOZI IRAWAN,SP', 0, '2019-04-06 07:10:28', '2019-04-06 07:10:28'),
(151, 14, 5, '1554534650.jpg', 'QODRATUNNISA', 0, '2019-04-06 07:10:50', '2019-04-06 07:10:50'),
(152, 14, 5, '1554534673.jpg', 'AHMADI,SH.I', 0, '2019-04-06 07:11:13', '2019-04-06 07:11:13'),
(153, 14, 6, '1554534696.jpg', 'SUMARYONO', 0, '2019-04-06 07:11:36', '2019-04-06 07:11:36'),
(154, 14, 6, '1554534716.jpg', 'KHAIRULLAH', 0, '2019-04-06 07:11:56', '2019-04-06 07:11:56'),
(155, 14, 6, '1554534739.jpg', 'SRI WAHYUNI,S.S', 0, '2019-04-06 07:12:19', '2019-04-06 07:12:19'),
(156, 14, 6, '1554534805.jpg', 'MUHARIMIN,S.Pd.I', 0, '2019-04-06 07:13:25', '2019-04-06 07:13:25'),
(157, 14, 6, '1554535035.jpg', 'ISMAN NAHRI SARI PUTRA', 0, '2019-04-06 07:17:15', '2019-04-06 07:17:15'),
(158, 14, 6, '1554535069.jpg', 'PARIASIH', 0, '2019-04-06 07:17:49', '2019-04-06 07:17:49'),
(159, 14, 6, '1554535093.jpg', 'WAHYUNINGRUM', 0, '2019-04-06 07:18:14', '2019-04-06 07:18:14'),
(160, 14, 6, '1554535126.jpg', 'TUKIRAN,A.Ma', 0, '2019-04-06 07:18:46', '2019-04-06 07:18:46'),
(161, 14, 7, '1554535152.jpg', 'HD.IDA ROYANI', 0, '2019-04-06 07:19:12', '2019-04-06 07:19:12'),
(162, 14, 7, '1554535181.jpg', 'HAMDAN', 0, '2019-04-06 07:19:41', '2019-04-06 07:19:41'),
(163, 14, 7, '1554535232.jpg', 'JESER SIMORANGKIR,BA', 0, '2019-04-06 07:20:32', '2019-04-06 07:20:32'),
(164, 14, 7, '1554535251.jpg', 'AFRICON', 0, '2019-04-06 07:20:51', '2019-04-06 07:20:51'),
(165, 14, 7, '1554535272.jpg', 'LILIK SAHAYATI', 0, '2019-04-06 07:21:12', '2019-04-06 07:21:12'),
(166, 14, 7, '1554535292.jpg', 'IBROHIM', 0, '2019-04-06 07:21:32', '2019-04-06 07:21:32'),
(167, 14, 7, '1554535314.jpg', 'SARBAINI', 0, '2019-04-06 07:21:55', '2019-04-06 07:21:55'),
(168, 14, 7, '1554535346.jpg', 'NOR PAZMI,S.Sos', 0, '2019-04-06 07:22:26', '2019-04-06 07:22:26'),
(169, 14, 9, '1554535903.jpg', 'SYAHWAMI,S.H,M.H', 0, '2019-04-06 07:31:43', '2019-04-06 07:31:43'),
(170, 14, 3, '1554535953.jpg', 'HARRY SUHARYO', 0, '2019-04-06 07:32:33', '2019-04-06 07:32:33'),
(171, 14, 9, '1554535981.jpg', 'TITIN SUHARYANI', 0, '2019-04-06 07:33:01', '2019-04-06 07:33:01'),
(172, 14, 9, '1554536013.jpg', 'HAMDAN SIREGAR,S.H', 0, '2019-04-06 07:33:33', '2019-04-06 07:33:33'),
(173, 14, 9, '1554536031.jpg', 'NANI WIJAYA', 0, '2019-04-06 07:33:51', '2019-04-06 07:33:51'),
(174, 14, 10, '1554536212.jpg', 'TAKI MARWAH,S.Pd.I', 0, '2019-04-06 07:36:52', '2019-04-06 07:36:52'),
(175, 14, 10, '1554536326.jpg', 'Drs.YAULIS', 0, '2019-04-06 07:38:46', '2019-04-06 07:38:46'),
(176, 14, 10, '1554536351.jpg', 'MAYASITHA,S.Pd', 0, '2019-04-06 07:39:11', '2019-04-06 07:39:11'),
(177, 14, 10, '1554536374.jpg', 'SUGIYONO', 0, '2019-04-06 07:39:34', '2019-04-06 07:39:34'),
(178, 14, 10, '1554536911.jpg', 'FAUZAN,S.Pd.I', 0, '2019-04-06 07:48:31', '2019-04-06 07:48:31'),
(179, 14, 10, '1554536936.jpg', 'SRI TURMI', 0, '2019-04-06 07:48:56', '2019-04-06 07:48:56'),
(180, 14, 10, '1554536965.jpg', 'RISWANTO,S.Pd', 0, '2019-04-06 07:49:25', '2019-04-06 07:49:25'),
(181, 14, 10, '1554536992.jpg', 'Hj.ELIS HIDANINGSIH', 0, '2019-04-06 07:49:52', '2019-04-06 07:49:52'),
(182, 14, 11, '1554537029.jpg', 'EKO WAHYU YUNIARTO', 0, '2019-04-06 07:50:29', '2019-04-06 07:50:29'),
(183, 14, 11, '1554537049.jpg', 'SAMSURI', 0, '2019-04-06 07:50:49', '2019-04-06 07:50:49'),
(184, 14, 11, '1554537087.jpg', 'SUPARIYAH', 0, '2019-04-06 07:51:27', '2019-04-06 07:51:27'),
(185, 14, 11, '1554537114.jpg', 'YENI MARLIZA', 0, '2019-04-06 07:51:55', '2019-04-06 07:51:55'),
(186, 14, 11, '1554537147.jpg', 'APRIZAL,S.Pd.I', 0, '2019-04-06 07:52:27', '2019-04-06 07:52:27'),
(187, 14, 12, '1554537184.jpg', 'ZULKIFLI HANAPI,M.Pd.I', 0, '2019-04-06 07:53:04', '2019-04-06 07:53:04'),
(188, 14, 12, '1554537219.jpg', 'RAHMAT HIDAYAT,S.KEP', 0, '2019-04-06 07:53:39', '2019-04-06 07:53:39'),
(189, 14, 12, '1554537259.jpg', 'MELLYANA,S.E', 0, '2019-04-06 07:54:19', '2019-04-06 07:54:19'),
(190, 14, 12, '1554537291.jpg', 'SUTRA JUANDA', 0, '2019-04-06 07:54:51', '2019-04-06 07:54:51'),
(191, 14, 12, '1554537316.jpg', 'KAHA RUDINSA', 0, '2019-04-06 07:55:16', '2019-04-06 07:55:16'),
(192, 14, 12, '1554537341.jpg', 'JUNI LIDAWATI', 0, '2019-04-06 07:55:41', '2019-04-06 07:55:41'),
(193, 14, 13, '1554537379.jpg', 'ELIN KARLINA,S.Pd.I', 0, '2019-04-06 07:56:19', '2019-04-06 07:56:19'),
(194, 14, 13, '1554537408.jpg', 'BUDIMAN FADLIYANTO,S.Sos', 0, '2019-04-06 07:56:48', '2019-04-06 07:56:48'),
(195, 14, 14, '1554537444.jpg', 'MARTUNIS,A.Md', 0, '2019-04-06 07:57:24', '2019-04-06 07:57:24'),
(196, 14, 14, '1554537474.jpg', 'Drs.WINARNO', 0, '2019-04-06 07:57:54', '2019-04-06 07:57:54'),
(197, 14, 14, '1554537506.jpg', 'FARIDA HANUM,SH', 0, '2019-04-06 07:58:26', '2019-04-06 07:58:26'),
(198, 14, 14, '1554537532.jpg', 'APONG SITI FATIMAH', 0, '2019-04-06 07:58:52', '2019-04-06 07:58:52'),
(199, 14, 14, '1554537553.jpg', 'SYAFRIZAL', 0, '2019-04-06 07:59:13', '2019-04-06 07:59:13'),
(200, 14, 14, '1554537581.jpg', 'HASNITA,S.Pd.I', 0, '2019-04-06 07:59:41', '2019-04-06 07:59:41'),
(201, 14, 14, '1554537608.jpg', 'ROHMAT ASWAN', 0, '2019-04-06 08:00:08', '2019-04-06 08:00:08'),
(202, 14, 14, '1554537637.jpg', 'MIA AUDINA', 0, '2019-04-06 08:00:38', '2019-04-06 08:00:38'),
(203, 14, 15, '1554537666.jpg', 'RUSMANTO', 0, '2019-04-06 08:01:06', '2019-04-06 08:01:06'),
(204, 14, 15, '1554537693.jpg', 'ROZALI,SE,ME', 0, '2019-04-06 08:01:33', '2019-04-06 08:01:33'),
(205, 14, 15, '1554537733.jpg', 'AYU NOVITASARI', 0, '2019-04-06 08:02:13', '2019-04-06 08:02:13'),
(206, 14, 15, '1554537769.jpg', 'PENGKI ADE CANDRA,M.Pd.I', 0, '2019-04-06 08:02:49', '2019-04-06 08:02:49'),
(207, 14, 15, '1554537806.jpg', 'ASRUL HABIBI,S.IP', 0, '2019-04-06 08:03:26', '2019-04-06 08:03:26'),
(208, 14, 15, '1554537829.jpg', 'ACHIKA WANZA', 0, '2019-04-06 08:03:50', '2019-04-06 08:03:50'),
(209, 14, 15, '1554537858.jpg', 'NURUL,S.Pd', 0, '2019-04-06 08:04:18', '2019-04-06 08:04:18'),
(210, 14, 15, '1554537892.jpg', 'M.TOBRI ZAINI', 0, '2019-04-06 08:04:52', '2019-04-06 08:04:52'),
(211, 14, 16, '1554537921.jpg', 'LENI ELVIRA.Z', 0, '2019-04-06 08:05:21', '2019-04-06 08:05:21'),
(212, 14, 16, '1554537950.jpg', 'MUHAMMAD NURSARI,S.H.I', 0, '2019-04-06 08:05:50', '2019-04-06 08:05:50'),
(213, 14, 16, '1554537984.jpg', 'RAHMAT AFRISON,A.Md', 0, '2019-04-06 08:06:24', '2019-04-06 08:06:24'),
(214, 14, 16, '1554538016.jpg', 'ETI HARIYANTI', 0, '2019-04-06 08:06:56', '2019-04-06 08:06:56'),
(215, 14, 16, '1554538052.jpg', 'BUDI SUPRIYANTO', 0, '2019-04-06 08:07:32', '2019-04-06 08:07:32'),
(216, 14, 16, '1554538091.jpg', 'LOKOT SIAHAN', 0, '2019-04-06 08:08:12', '2019-04-06 08:08:12'),
(217, 14, 16, '1554538111.jpg', 'NINING', 0, '2019-04-06 08:08:31', '2019-04-06 08:08:31'),
(218, 14, 16, '1554538142.jpg', 'ILYAS EFENDI,S.Sos', 0, '2019-04-06 08:09:02', '2019-04-06 08:09:02'),
(219, 14, 17, '1554538169.jpg', 'ABROR MARTINUS', 0, '2019-04-06 08:09:29', '2019-04-06 08:09:29'),
(220, 14, 17, '1554538188.jpg', 'YULIDAWATI', 0, '2019-04-06 08:09:48', '2019-04-06 08:09:48'),
(221, 14, 18, '1554538217.jpg', 'ARSELA SIREGAR', 0, '2019-04-06 08:10:17', '2019-04-06 08:10:17'),
(222, 14, 18, '1554538238.jpg', 'IKA MARYANTI', 0, '2019-04-06 08:10:38', '2019-04-06 08:10:38'),
(223, 16, 3, '1554538979.jpg', 'SYAIFUL BAKHRI,S.Pd.I', 0, '2019-04-06 08:22:59', '2019-04-06 08:22:59'),
(224, 16, 3, '1554538999.jpg', 'TRIO DISWAN', 0, '2019-04-06 08:23:19', '2019-04-06 08:23:19'),
(225, 16, 3, '1554539069.jpg', 'IDE TERSIA,A.Md.Keb', 0, '2019-04-06 08:24:29', '2019-04-06 08:24:29'),
(226, 16, 3, '1554539114.jpg', 'AMRI AS,S.Sos', 0, '2019-04-06 08:25:14', '2019-04-06 08:25:14'),
(227, 16, 3, '1554539130.jpg', 'HAYATI', 0, '2019-04-06 08:25:30', '2019-04-06 08:25:30'),
(228, 16, 3, '1554539149.jpg', 'FAHRORI', 0, '2019-04-06 08:25:49', '2019-04-06 08:25:49'),
(229, 16, 3, '1554539174.jpg', 'ANNISA ULFA SARI,S.Pd', 0, '2019-04-06 08:26:14', '2019-04-06 08:26:14'),
(230, 16, 3, '1554539231.jpg', 'PATMAWATI', 0, '2019-04-06 08:27:11', '2019-04-06 08:27:11'),
(231, 16, 3, '1554539259.jpg', 'MUMAMMAD DARMAWAN', 0, '2019-04-06 08:27:39', '2019-04-06 08:27:39'),
(232, 16, 3, '1554539293.jpg', 'SITI MURNIATI,A.Md,Keb', 0, '2019-04-06 08:28:13', '2019-04-06 08:28:13'),
(233, 16, 3, '1554539323.jpg', 'FREDY YUSANDRA,S.Sos', 0, '2019-04-06 08:28:43', '2019-04-06 08:28:43'),
(234, 16, 4, '1554539346.jpg', 'HAMBALI', 0, '2019-04-06 08:29:06', '2019-04-06 08:29:06'),
(235, 16, 4, '1554539372.jpg', 'ALEX CANDER', 0, '2019-04-06 08:29:32', '2019-04-06 08:29:32'),
(236, 16, 4, '1554539394.jpg', 'RESHA DEPI', 0, '2019-04-06 08:29:54', '2019-04-06 08:29:54'),
(237, 16, 4, '1554539425.jpg', 'A.KADIR,SPd,M.Si', 0, '2019-04-06 08:30:25', '2019-04-06 08:30:25'),
(238, 16, 4, '1554539448.jpg', 'AGUSTIAN EFENDI', 0, '2019-04-06 08:30:48', '2019-04-06 08:30:48'),
(239, 16, 4, '1554539467.jpg', 'ROSMANIDAR', 0, '2019-04-06 08:31:07', '2019-04-06 08:31:07'),
(240, 16, 4, '1554539504.jpg', 'ABI COSWARA,S.P', 0, '2019-04-06 08:31:44', '2019-04-06 08:31:44'),
(241, 16, 4, '1554539534.jpg', 'JANARI SURI, S.P', 0, '2019-04-06 08:32:15', '2019-04-06 08:32:15'),
(242, 16, 4, '1554539553.jpg', 'RAHMAH', 0, '2019-04-06 08:32:33', '2019-04-06 08:32:33'),
(243, 16, 4, '1554539590.jpg', 'LILIAWATI', 0, '2019-04-06 08:33:10', '2019-04-06 08:33:10'),
(244, 16, 5, '1554539617.jpg', 'AZWAR', 0, '2019-04-06 08:33:37', '2019-04-06 08:33:37'),
(245, 16, 5, '1554539639.jpg', 'AL JUPRI, S.Pd.I', 0, '2019-04-06 08:33:59', '2019-04-06 08:33:59'),
(246, 16, 5, '1554539671.jpg', 'MARINA', 0, '2019-04-06 08:34:31', '2019-04-06 08:34:31'),
(247, 16, 5, '1554539692.jpg', 'SAYUTI', 0, '2019-04-06 08:34:52', '2019-04-06 08:34:52'),
(248, 16, 5, '1554539725.jpg', 'MUHAMMAD, S.Sos,M.Si', 0, '2019-04-06 08:35:25', '2019-04-06 08:35:25'),
(249, 16, 5, '1554539791.jpg', 'JASMANILY', 0, '2019-04-06 08:36:31', '2019-04-06 08:36:31'),
(250, 16, 5, '1554539811.jpg', 'AGUSTIN', 0, '2019-04-06 08:36:52', '2019-04-06 08:36:52'),
(251, 16, 5, '1554539829.jpg', 'KAWI', 0, '2019-04-06 08:37:09', '2019-04-06 08:37:09'),
(252, 16, 5, '1554539851.jpg', 'TRI CITRA PUTRI', 0, '2019-04-06 08:37:31', '2019-04-06 08:37:31'),
(253, 16, 5, '1554539878.jpg', 'SANTY KURNIA, S.Pd.I', 0, '2019-04-06 08:37:58', '2019-04-06 08:37:58'),
(254, 16, 5, '1554539904.jpg', 'PAHRI RIFA\'I', 0, '2019-04-06 08:38:24', '2019-04-06 08:38:24'),
(255, 16, 6, '1554539936.jpg', 'H.ALMAHFUZ, SH', 0, '2019-04-06 08:38:56', '2019-04-06 08:38:56'),
(256, 16, 6, '1554539973.jpg', 'RIDUAN B', 0, '2019-04-06 08:39:33', '2019-04-06 08:39:33'),
(257, 16, 5, '1554540003.jpg', 'NURMAYANI, SE', 0, '2019-04-06 08:40:03', '2019-04-06 08:40:03'),
(258, 16, 5, '1554540026.jpg', 'DIAN WIRANATA, SIP', 0, '2019-04-06 08:40:26', '2019-04-06 08:40:26'),
(259, 16, 6, '1554540041.jpg', 'ISMAIL', 0, '2019-04-06 08:40:42', '2019-04-06 08:40:42'),
(260, 16, 5, '1554540063.jpg', 'SULARSI, SH', 0, '2019-04-06 08:41:04', '2019-04-06 08:41:04'),
(261, 16, 6, '1554540089.jpg', 'Drs.M.SALEH', 0, '2019-04-06 08:41:29', '2019-04-06 08:41:29'),
(262, 16, 6, '1554540128.jpg', 'BAMBANG INDRAYANTO', 0, '2019-04-06 08:42:09', '2019-04-06 08:42:09'),
(263, 16, 6, '1554540148.jpg', 'ERAYANI', 0, '2019-04-06 08:42:28', '2019-04-06 08:42:28'),
(264, 16, 6, '1554540182.jpg', 'AHMAD HASBI,AM.Kep', 0, '2019-04-06 08:43:02', '2019-04-06 08:43:02'),
(265, 16, 6, '1554540205.jpg', 'TETI HERAWATI', 0, '2019-04-06 08:43:25', '2019-04-06 08:43:25'),
(266, 16, 6, '1554540228.jpg', 'RIFA\'I', 0, '2019-04-06 08:43:48', '2019-04-06 08:43:48'),
(267, 16, 7, '1554540267.jpg', 'JUMIWAN AGUZA', 0, '2019-04-06 08:44:27', '2019-04-06 08:44:27'),
(268, 16, 7, '1554540288.jpg', 'YULIAS.S', 0, '2019-04-06 08:44:48', '2019-04-06 08:44:48'),
(269, 16, 7, '1554540301.jpg', 'SURYANI', 0, '2019-04-06 08:45:01', '2019-04-06 08:45:01'),
(270, 16, 7, '1554540337.jpg', 'ARIS RAHMAD,S.S.Pd', 0, '2019-04-06 08:45:37', '2019-04-06 08:45:37'),
(271, 16, 7, '1554540356.jpg', 'YUSBANDI,SH', 0, '2019-04-06 08:45:56', '2019-04-06 08:45:56'),
(272, 16, 7, '1554540374.jpg', 'SAUDAH.H', 0, '2019-04-06 08:46:15', '2019-04-06 08:46:15'),
(273, 16, 7, '1554540392.jpg', 'MUHAMMAD ISA', 0, '2019-04-06 08:46:32', '2019-04-06 08:46:32'),
(274, 16, 7, '1554540409.jpg', 'H.USMAN', 0, '2019-04-06 08:46:49', '2019-04-06 08:46:49'),
(275, 16, 7, '1554540440.jpg', 'SITI RAHMA,A.Md.Keb', 0, '2019-04-06 08:47:20', '2019-04-06 08:47:20'),
(276, 16, 9, '1554540492.jpg', 'H.DJUSRI,SE.M.Si', 0, '2019-04-06 08:48:12', '2019-04-06 08:48:12'),
(277, 16, 9, '1554540537.jpg', 'ZULKIFLLUS, S.Pd', 0, '2019-04-06 08:48:57', '2019-04-06 08:48:57'),
(278, 16, 9, '1554540560.jpg', 'SITI BAIKA', 0, '2019-04-06 08:49:20', '2019-04-06 08:49:20'),
(279, 16, 9, '1554540578.jpg', 'HASAN', 0, '2019-04-06 08:49:38', '2019-04-06 08:49:38'),
(280, 16, 9, '1554540595.jpg', 'ARMEN.M', 0, '2019-04-06 08:49:55', '2019-04-06 08:49:55'),
(281, 16, 9, '1554540625.jpg', 'ENI PUSPITA NINGSIH', 0, '2019-04-06 08:50:25', '2019-04-06 08:50:25'),
(282, 16, 9, '1554540645.jpg', 'AKMAL HAMDI', 0, '2019-04-06 08:50:45', '2019-04-06 08:50:45'),
(283, 16, 9, '1554540667.jpg', 'ASDOR, SE', 0, '2019-04-06 08:51:07', '2019-04-06 08:51:07'),
(284, 16, 9, '1554540705.jpg', 'WINDI ANDRIANI', 0, '2019-04-06 08:51:45', '2019-04-06 08:51:45'),
(285, 16, 9, '1554540728.jpg', 'MAS\'UD', 0, '2019-04-06 08:52:08', '2019-04-06 08:52:08'),
(286, 16, 9, '1554540840.jpg', 'SULAIMAN,SH', 0, '2019-04-06 08:54:00', '2019-04-06 08:54:00'),
(287, 16, 9, '1554540883.jpg', 'SYANTI NURDIAN,SY,S.Com', 0, '2019-04-06 08:54:43', '2019-04-06 08:54:43'),
(288, 16, 10, '1554540913.jpg', 'DHARWAN', 0, '2019-04-06 08:55:14', '2019-04-06 08:55:14'),
(289, 16, 10, '1554540937.jpg', 'MOHAMMAD NUR', 0, '2019-04-06 08:55:37', '2019-04-06 08:55:37'),
(290, 16, 10, '1554540967.jpg', 'YUSNIDAR', 0, '2019-04-06 08:56:08', '2019-04-06 08:56:08'),
(291, 16, 10, '1554540986.jpg', 'PAIDI', 0, '2019-04-06 08:56:26', '2019-04-06 08:56:26'),
(292, 16, 10, '1554541027.jpg', 'ZASRAMANSYAH,SH', 0, '2019-04-06 08:57:07', '2019-04-06 08:57:07'),
(293, 16, 10, '1554541053.jpg', 'KAROMLAH,S.Pd', 0, '2019-04-06 08:57:33', '2019-04-06 08:57:33'),
(294, 16, 10, '1554541085.jpg', 'ISMET', 0, '2019-04-06 08:58:05', '2019-04-06 08:58:05'),
(295, 16, 10, '1554541143.jpg', 'RIO JIMMY HENDISKA', 0, '2019-04-06 08:59:03', '2019-04-06 08:59:03'),
(296, 16, 10, '1554541176.jpg', 'RAHMI YANTI,S.H.I,M.A', 0, '2019-04-06 08:59:37', '2019-04-06 08:59:37'),
(297, 16, 10, '1554541213.jpg', 'SYAFRIADI,S.Pd.I', 0, '2019-04-06 09:00:13', '2019-04-06 09:00:13'),
(298, 16, 11, '1554541286.jpg', 'MART FRIDA YANI,SP', 0, '2019-04-06 09:01:26', '2019-04-06 09:01:26'),
(299, 16, 11, '1554541311.jpg', 'MUDARIS', 0, '2019-04-06 09:01:51', '2019-04-06 09:01:51'),
(300, 16, 11, '1554541354.jpg', 'MUHAMMAD SUKARTA', 0, '2019-04-06 09:02:34', '2019-04-06 09:02:34'),
(301, 16, 11, '1554541377.jpg', 'JULIZAR', 0, '2019-04-06 09:02:57', '2019-04-06 09:02:57'),
(302, 16, 11, '1554541404.jpg', 'RODIYAH', 0, '2019-04-06 09:03:24', '2019-04-06 09:03:24'),
(303, 16, 11, '1554541428.jpg', 'JURAIDI', 0, '2019-04-06 09:03:48', '2019-04-06 09:03:48'),
(304, 16, 11, '1554541459.jpg', 'RIDUAN', 0, '2019-04-06 09:04:19', '2019-04-06 09:04:19'),
(305, 16, 11, '1554541483.jpg', 'IDRUSALAM,MH', 0, '2019-04-06 09:04:43', '2019-04-06 09:04:43'),
(306, 16, 11, '1554541632.jpg', 'EMA SURYANI,AMD.KEB', 0, '2019-04-06 09:07:12', '2019-04-06 09:07:12'),
(307, 16, 11, '1554541653.jpg', 'HARTONO', 0, '2019-04-06 09:07:33', '2019-04-06 09:07:33'),
(308, 16, 11, '1554541681.jpg', 'IRAWATI', 0, '2019-04-06 09:08:01', '2019-04-06 09:08:01'),
(309, 16, 11, '1554541704.jpg', 'A.ZAIDAN', 0, '2019-04-06 09:08:24', '2019-04-06 09:08:24'),
(310, 16, 12, '1554542228.jpg', 'H.ZAINI,S.Pd.I', 0, '2019-04-06 09:17:08', '2019-04-06 09:17:08'),
(311, 16, 12, '1554542250.jpg', 'YAHYA,S.Pd.I', 0, '2019-04-06 09:17:30', '2019-04-06 09:17:30'),
(312, 16, 12, '1554542273.jpg', 'GUSTINI', 0, '2019-04-06 09:17:53', '2019-04-06 09:17:53'),
(313, 16, 12, '1554542298.jpg', 'ZUBIR', 0, '2019-04-06 09:18:19', '2019-04-06 09:18:19'),
(314, 16, 12, '1554542333.jpg', 'RAZALI', 0, '2019-04-06 09:18:53', '2019-04-06 09:18:53'),
(315, 16, 12, '1554542356.jpg', 'OKTARINA', 0, '2019-04-06 09:19:16', '2019-04-06 09:19:16'),
(316, 16, 12, '1554542379.jpg', 'ZULPAHRI, S.IP', 0, '2019-04-06 02:20:32', '2019-04-06 09:20:32'),
(317, 16, 12, '1554542412.jpg', 'ZULKIFLI', 0, '2019-04-06 09:20:13', '2019-04-06 09:20:13'),
(318, 16, 12, '1554542459.jpg', 'SRI HARTATI', 0, '2019-04-06 09:20:59', '2019-04-06 09:20:59'),
(319, 16, 12, '1554542502.jpg', 'YUMISWAR', 0, '2019-04-06 09:21:42', '2019-04-06 09:21:42'),
(320, 16, 12, '1554542523.jpg', 'RAMLI,AR', 0, '2019-04-06 09:22:03', '2019-04-06 09:22:03'),
(321, 16, 12, '1554542542.jpg', 'ARIFIN', 0, '2019-04-06 09:22:22', '2019-04-06 09:22:22'),
(322, 16, 14, '1554542592.jpg', 'AS\'AD, S.Sos', 0, '2019-04-06 09:23:12', '2019-04-06 09:23:12'),
(323, 16, 14, '1554542620.jpg', 'ALFIAN', 0, '2019-04-06 09:23:40', '2019-04-06 09:23:40'),
(324, 16, 14, '1554542651.jpg', 'NURAISAH, SE', 0, '2019-04-06 09:24:11', '2019-04-06 09:24:11'),
(325, 16, 14, '1554542677.jpg', 'MURTADO', 0, '2019-04-06 09:24:37', '2019-04-06 09:24:37'),
(326, 16, 14, '1554542707.jpg', 'HENDRI NOVERIZA, S.Sos', 0, '2019-04-06 09:25:08', '2019-04-06 09:25:08'),
(327, 16, 14, '1554542727.jpg', 'FATIMAH', 0, '2019-04-06 09:25:27', '2019-04-06 09:25:27'),
(328, 16, 14, '1554542764.jpg', 'RAIHAN AL FAJRI', 0, '2019-04-06 09:26:05', '2019-04-06 09:26:05'),
(329, 16, 14, '1554542800.jpg', 'SURDIANTO, S.Sos.I', 0, '2019-04-06 02:27:04', '2019-04-06 09:27:04'),
(330, 16, 14, '1554542858.jpg', 'IRAWATI', 0, '2019-04-06 09:27:38', '2019-04-06 09:27:38'),
(331, 16, 14, '1554542881.jpg', 'ALI AKBAR', 0, '2019-04-06 09:28:01', '2019-04-06 09:28:01'),
(332, 16, 14, '1554542908.jpg', 'EKA TUTIK W', 0, '2019-04-06 09:28:28', '2019-04-06 09:28:28'),
(333, 16, 14, '1554542932.jpg', 'HERIZAL, ST', 0, '2019-04-06 09:28:52', '2019-04-06 09:28:52'),
(334, 16, 15, '1554543015.jpg', 'MURSALIN', 0, '2019-04-06 09:30:15', '2019-04-06 09:30:15'),
(335, 16, 15, '1554543044.jpg', 'ISMAIL BUZAR', 0, '2019-04-06 09:30:44', '2019-04-06 09:30:44'),
(336, 16, 15, '1554543086.jpg', 'INDA SUSANTI, A.Md,Keb', 0, '2019-04-06 09:31:26', '2019-04-06 09:31:26'),
(337, 16, 15, '1554543137.jpg', 'RIDUAN', 0, '2019-04-06 09:32:18', '2019-04-06 09:32:18'),
(338, 16, 15, '1554543162.jpg', 'JEMI PERDEDI, SE', 0, '2019-04-06 02:33:10', '2019-04-06 09:33:10'),
(339, 16, 15, '1554543214.jpg', 'YUNI, S.S', 0, '2019-04-06 09:33:34', '2019-04-06 09:33:34'),
(340, 16, 15, '1554543239.jpg', 'ZULKIFLI, SE', 0, '2019-04-06 09:33:59', '2019-04-06 09:33:59'),
(341, 16, 15, '1554543335.jpg', 'AFRIZAL, S.Sos', 0, '2019-04-06 09:35:35', '2019-04-06 09:35:35'),
(342, 16, 15, '1554543366.jpg', 'NOVRIANI, SE', 0, '2019-04-06 09:36:06', '2019-04-06 09:36:06'),
(343, 16, 15, '1554543412.jpg', 'JUAIRIAH, S.P', 0, '2019-04-06 09:36:52', '2019-04-06 09:36:52'),
(344, 16, 15, '1554543440.jpg', 'ROMA DONI, S.IP', 0, '2019-04-06 09:37:20', '2019-04-06 09:37:20'),
(345, 16, 15, '1554543465.jpg', 'DEPRIANTO', 0, '2019-04-06 09:37:45', '2019-04-06 09:37:45'),
(346, 16, 16, '1554543506.jpg', 'ABDUL QODIR, S.Pd.I', 0, '2019-04-06 09:38:26', '2019-04-06 09:38:26'),
(347, 16, 16, '1554543539.jpg', 'WAAKI MUSSOLAH, A.Md', 0, '2019-04-06 09:38:59', '2019-04-06 09:38:59'),
(348, 16, 16, '1554543579.jpg', 'MEGAWATI', 0, '2019-04-06 09:39:39', '2019-04-06 09:39:39'),
(349, 16, 16, '1554543608.jpg', 'INDRA ZULFIANSYAH, SE', 0, '2019-04-06 09:40:08', '2019-04-06 09:40:08'),
(350, 16, 16, '1554543630.jpg', 'MUKLIS', 0, '2019-04-06 09:40:30', '2019-04-06 09:40:30'),
(351, 16, 16, '1554543655.jpg', 'NINE SILVIA', 0, '2019-04-06 09:40:55', '2019-04-06 09:40:55'),
(352, 16, 16, '1554543681.jpg', 'AL SIRDA', 0, '2019-04-06 09:41:21', '2019-04-06 09:41:21'),
(353, 16, 16, '1554543706.jpg', 'PAISAL, SH', 0, '2019-04-06 09:41:47', '2019-04-06 09:41:47'),
(354, 16, 16, '1554543738.jpg', 'YELNA APITA,S.H', 0, '2019-04-06 09:42:18', '2019-04-06 09:42:18'),
(355, 16, 16, '1554543756.jpg', 'AZMAN', 0, '2019-04-06 09:42:36', '2019-04-06 09:42:36'),
(356, 16, 16, '1554543776.jpg', 'FIRDAUS', 0, '2019-04-06 09:42:56', '2019-04-06 09:42:56'),
(357, 16, 16, '1554543794.jpg', 'MISMIDAR', 0, '2019-04-06 09:43:14', '2019-04-06 09:43:14'),
(358, 16, 17, '1554543822.jpg', 'MASRI', 0, '2019-04-06 09:43:42', '2019-04-06 09:43:42'),
(359, 16, 17, '1554543845.jpg', 'Drs. SIHABLI', 0, '2019-04-06 09:44:06', '2019-04-06 09:44:06'),
(360, 16, 17, '1554543863.jpg', 'WINARSI', 0, '2019-04-06 09:44:23', '2019-04-06 09:44:23'),
(361, 16, 17, '1554543885.jpg', 'HERIZAL', 0, '2019-04-06 09:44:45', '2019-04-06 09:44:45'),
(362, 16, 17, '1554543905.jpg', 'TAMRIN', 0, '2019-04-06 09:45:05', '2019-04-06 09:45:05'),
(363, 16, 17, '1554543929.jpg', 'SUGIYATNI', 0, '2019-04-06 09:45:29', '2019-04-06 09:45:29'),
(364, 16, 17, '1554543948.jpg', 'MARDIANTO', 0, '2019-04-06 09:45:49', '2019-04-06 09:45:49'),
(365, 16, 17, '1554543971.jpg', 'FATIMAH', 0, '2019-04-06 09:46:11', '2019-04-06 09:46:11'),
(366, 16, 17, '1554543989.jpg', 'PAINO', 0, '2019-04-06 09:46:30', '2019-04-06 09:46:30'),
(367, 17, 3, '1554548851.jpg', 'Drs.H.KHOIRUL', 0, '2019-04-06 11:07:31', '2019-04-06 11:07:31'),
(368, 17, 3, '1554548867.jpg', 'MARIANI', 0, '2019-04-06 11:07:48', '2019-04-06 11:07:48'),
(369, 17, 3, '1554548884.jpg', 'PAUZAN', 0, '2019-04-06 11:08:04', '2019-04-06 11:08:04'),
(370, 17, 3, '1554548913.jpg', 'MUHAMMAD AMIN, S.Pd.I', 0, '2019-04-06 11:08:33', '2019-04-06 11:08:33'),
(371, 17, 3, '1554548948.jpg', 'WITA WITRIANI,A.Md.Keb', 0, '2019-04-06 11:09:08', '2019-04-06 11:09:08'),
(372, 17, 3, '1554549412.jpg', 'RIDUAN IDRIS,SE', 0, '2019-04-06 11:16:52', '2019-04-06 11:16:52'),
(373, 17, 4, '1554549458.jpg', 'ASRORUDIN', 0, '2019-04-06 11:17:38', '2019-04-06 11:17:38'),
(374, 17, 4, '1554549490.jpg', 'DIANA FITRI', 0, '2019-04-06 11:18:10', '2019-04-06 11:18:10'),
(375, 17, 4, '1554549522.jpg', 'DEDET JUMICO,SH,MH', 0, '2019-04-06 11:18:42', '2019-04-06 11:18:42'),
(376, 17, 4, '1554549554.jpg', 'USMAN EFENDI', 0, '2019-04-06 11:19:14', '2019-04-06 11:19:14'),
(377, 17, 4, '1554549589.jpg', 'HJ.DESMYA HAJRI,S.SOS', 0, '2019-04-06 11:19:49', '2019-04-06 11:19:49'),
(378, 17, 5, '1554550187.jpg', 'HIDAYANTI, S.Sos', 0, '2019-04-06 11:29:47', '2019-04-06 11:29:47'),
(379, 17, 5, '1554550212.jpg', 'ASRI', 0, '2019-04-06 11:30:12', '2019-04-06 11:30:12'),
(380, 17, 5, '1554550333.jpg', 'FIERY MARCIELA RINDAYU', 0, '2019-04-06 11:32:13', '2019-04-06 11:32:13'),
(381, 17, 5, '1554550598.jpg', 'RAPIKA', 0, '2019-04-06 11:36:38', '2019-04-06 11:36:38'),
(382, 17, 5, '1554550615.jpg', 'DASRIL', 0, '2019-04-06 11:36:55', '2019-04-06 11:36:55'),
(383, 17, 6, '1554550679.jpg', 'Z.ARIFIN,SH.MH', 0, '2019-04-06 11:37:59', '2019-04-06 11:37:59'),
(384, 17, 5, '1554550700.jpg', 'DONA ELVIA', 0, '2019-04-06 11:38:20', '2019-04-06 11:38:20'),
(385, 17, 6, '1554550761.jpg', 'M.AL AMIN', 0, '2019-04-06 11:39:21', '2019-04-06 11:39:21'),
(386, 17, 6, '1554550780.jpg', 'EFFENDI', 0, '2019-04-06 11:39:40', '2019-04-06 11:39:40'),
(387, 17, 6, '1554550810.jpg', 'WIDYA WATI,S.Pd.I', 0, '2019-04-06 11:40:10', '2019-04-06 11:40:10'),
(388, 17, 6, '1554550855.jpg', 'KHAIRUL,S.Pd.I', 0, '2019-04-06 11:40:55', '2019-04-06 11:40:55'),
(389, 17, 7, '1554550889.jpg', 'LAHMUDIN, ST,MT', 0, '2019-04-06 11:41:29', '2019-04-06 11:41:29'),
(390, 17, 7, '1554550915.jpg', 'MY.PERMANA', 0, '2019-04-06 11:41:55', '2019-04-06 11:41:55'),
(391, 17, 7, '1554550938.jpg', 'ROHANI, A.Ma', 0, '2019-04-06 11:42:18', '2019-04-06 11:42:18'),
(392, 17, 7, '1554550960.jpg', 'Dr.FIRMAN NADEAK', 0, '2019-04-06 11:42:40', '2019-04-06 11:42:40'),
(393, 17, 7, '1554550977.jpg', 'MARHONI SUGANDA', 0, '2019-04-06 11:42:57', '2019-04-06 11:42:57'),
(394, 17, 7, '1554550997.jpg', 'MEGAWATI, SP', 0, '2019-04-06 11:43:17', '2019-04-06 11:43:17'),
(395, 17, 9, '1554551021.jpg', 'ANTON REAN', 0, '2019-04-06 11:43:41', '2019-04-06 11:43:41'),
(396, 17, 9, '1554551043.jpg', 'JUMAWAN IMANTO', 0, '2019-04-06 11:44:03', '2019-04-06 11:44:03'),
(397, 17, 9, '1554551121.jpg', 'RABIKA ISMAYANI', 0, '2019-04-06 11:45:21', '2019-04-06 11:45:21'),
(398, 17, 9, '1554551141.jpg', 'INDRAWADI', 0, '2019-04-06 11:45:41', '2019-04-06 11:45:41'),
(399, 17, 9, '1554551176.jpg', 'RINA ZULMANELI, S.Pd', 0, '2019-04-06 11:46:16', '2019-04-06 11:46:16'),
(400, 17, 10, '1554551216.jpg', 'HOZIN, S.Pd.I', 0, '2019-04-06 11:46:56', '2019-04-06 11:46:56'),
(401, 17, 10, '1554551252.jpg', 'MUHAMMAD YUSUF, S.H.I,M.H', 0, '2019-04-06 11:47:32', '2019-04-06 11:47:32'),
(402, 17, 10, '1554551287.jpg', 'TETTY NASUTION, S.Tr.Keb', 0, '2019-04-06 11:48:07', '2019-04-06 11:48:07'),
(403, 17, 10, '1554551313.jpg', 'H.JUNAIDI', 0, '2019-04-06 11:48:33', '2019-04-06 11:48:33'),
(404, 17, 11, '1554551350.jpg', 'RIDUAN', 0, '2019-04-06 11:49:10', '2019-04-06 11:49:10'),
(405, 17, 11, '1554551374.jpg', 'REGINAL KHAF', 0, '2019-04-06 11:49:34', '2019-04-06 11:49:34'),
(406, 17, 11, '1554551405.jpg', 'HEDYWI UTARI, A.MD.AK', 0, '2019-04-06 11:50:05', '2019-04-06 11:50:05'),
(407, 17, 11, '1554551422.jpg', 'BURMAN', 0, '2019-04-06 11:50:22', '2019-04-06 11:50:22'),
(408, 17, 11, '1554551442.jpg', 'MARIANIS', 0, '2019-04-06 11:50:42', '2019-04-06 11:50:42'),
(409, 17, 12, '1554551479.jpg', 'MURDALIS', 0, '2019-04-06 11:51:19', '2019-04-06 11:51:19'),
(410, 17, 12, '1554551508.jpg', 'Ir.M.ARIEF.N', 0, '2019-04-06 11:51:48', '2019-04-06 11:51:48'),
(411, 17, 12, '1554551535.jpg', 'KESI OKTOBER', 0, '2019-04-06 11:52:15', '2019-04-06 11:52:15'),
(412, 17, 12, '1554551594.jpg', 'AMINUDDIN', 0, '2019-04-06 11:53:14', '2019-04-06 11:53:14'),
(413, 17, 12, '1554551619.jpg', 'AMRI, S.Pd.I', 0, '2019-04-06 11:53:39', '2019-04-06 11:53:39'),
(414, 17, 12, '1554551640.jpg', 'SITI AMINAH', 0, '2019-04-06 11:54:00', '2019-04-06 11:54:00'),
(415, 17, 14, '1554551685.jpg', 'H.ROSIHAN ANUAR, S.Sos. M.Si', 0, '2019-04-06 11:54:45', '2019-04-06 11:54:45'),
(416, 17, 14, '1554551717.jpg', 'JAMHURI', 0, '2019-04-06 11:55:17', '2019-04-06 11:55:17'),
(417, 17, 14, '1554551737.jpg', 'LISNAWATI', 0, '2019-04-06 11:55:37', '2019-04-06 11:55:37'),
(418, 17, 14, '1554551810.jpg', 'M.HILAL, S.Pt', 0, '2019-04-06 11:56:50', '2019-04-06 11:56:50'),
(419, 17, 14, '1554551831.jpg', 'ROHIMA DONA', 0, '2019-04-06 11:57:11', '2019-04-06 11:57:11'),
(420, 17, 14, '1554551861.jpg', 'JONTONI FADILA,S.Si.Apt', 0, '2019-04-06 11:57:41', '2019-04-06 11:57:41'),
(421, 17, 15, '1554551901.jpg', 'ASNADI', 0, '2019-04-06 11:58:21', '2019-04-06 11:58:21'),
(422, 17, 15, '1554551921.jpg', 'PATRIOT ANANDA, SH', 0, '2019-04-06 11:58:41', '2019-04-06 11:58:41'),
(423, 17, 15, '1554551992.jpg', 'DWI NURUL ISTIQLAL', 0, '2019-04-06 11:59:52', '2019-04-06 11:59:52'),
(424, 17, 15, '1554552011.jpg', 'IKHSAN AL FAIZON', 0, '2019-04-06 12:00:11', '2019-04-06 12:00:11'),
(425, 17, 15, '1554552032.jpg', 'SRI RATNI', 0, '2019-04-06 12:00:32', '2019-04-06 12:00:32'),
(426, 17, 16, '1554552066.jpg', 'H.MARTUNIS, S.Pd', 0, '2019-04-06 12:01:06', '2019-04-06 12:01:06'),
(427, 17, 16, '1554552087.jpg', 'JHON HENDRA', 0, '2019-04-06 12:01:27', '2019-04-06 12:01:27'),
(428, 17, 16, '1554552104.jpg', 'PARIHA', 0, '2019-04-06 12:01:44', '2019-04-06 12:01:44'),
(429, 17, 16, '1554552130.jpg', 'NASIAH, S.Pd.I', 0, '2019-04-06 12:02:10', '2019-04-06 12:02:10'),
(430, 17, 16, '1554552185.jpg', 'ARSYAD NAWAWI, A.Ma.Pd', 0, '2019-04-06 12:03:05', '2019-04-06 12:03:05'),
(431, 17, 16, '1554552211.jpg', 'LINDA FATRIANI, S.Pd', 0, '2019-04-06 12:03:31', '2019-04-06 12:03:31'),
(432, 17, 17, '1554552245.jpg', 'MUHAMMAD KALAM NAZARUDIN', 0, '2019-04-06 12:04:05', '2019-04-06 12:04:05'),
(433, 17, 17, '1554552273.jpg', 'M.MAGRIBI, S.Sos', 0, '2019-04-06 12:04:33', '2019-04-06 12:04:33'),
(434, 17, 17, '1554552290.jpg', 'SAWALIAH', 0, '2019-04-06 12:04:50', '2019-04-06 12:04:50'),
(435, 17, 18, '1554552335.jpg', 'MARDIANA', 0, '2019-04-06 12:05:35', '2019-04-06 12:05:35'),
(436, 17, 18, '1554552354.jpg', 'EMA SURYANI', 0, '2019-04-06 12:05:54', '2019-04-06 12:05:54'),
(437, 17, 18, '1554552371.jpg', 'M.YAMIN', 0, '2019-04-06 12:06:11', '2019-04-06 12:06:11'),
(438, 17, 18, '1554552396.jpg', 'ABDUL KARIM', 0, '2019-04-06 12:06:37', '2019-04-06 12:06:37'),
(439, 17, 18, '1554552426.jpg', 'ARIFHADI NATA', 0, '2019-04-06 12:07:06', '2019-04-06 12:07:06');

-- --------------------------------------------------------

--
-- Table structure for table `coblos_partai`
--

CREATE TABLE `coblos_partai` (
  `id_partai` int(11) UNSIGNED NOT NULL,
  `id_tps` int(11) UNSIGNED NOT NULL,
  `jumlah_suara` int(11) DEFAULT NULL,
  `created_at` timestamp NOT NULL DEFAULT CURRENT_TIMESTAMP ON UPDATE CURRENT_TIMESTAMP,
  `updated_at` timestamp NOT NULL DEFAULT '0000-00-00 00:00:00'
) ENGINE=InnoDB DEFAULT CHARSET=latin1;

--
-- Dumping data for table `coblos_partai`
--

INSERT INTO `coblos_partai` (`id_partai`, `id_tps`, `jumlah_suara`, `created_at`, `updated_at`) VALUES
(3, 627, 0, '2019-04-07 00:20:03', '2019-04-07 00:20:03'),
(4, 627, 0, '2019-04-07 00:20:03', '2019-04-07 00:20:03'),
(5, 627, 0, '2019-04-07 00:20:03', '2019-04-07 00:20:03'),
(6, 627, 0, '2019-04-07 00:20:03', '2019-04-07 00:20:03'),
(7, 627, 0, '2019-04-07 00:20:04', '2019-04-07 00:20:04'),
(8, 627, 4, '2019-04-07 00:20:04', '2019-04-07 00:20:04'),
(9, 627, 0, '2019-04-07 00:20:04', '2019-04-07 00:20:04'),
(10, 627, 0, '2019-04-07 00:20:04', '2019-04-07 00:20:04'),
(11, 627, 0, '2019-04-07 00:20:04', '2019-04-07 00:20:04'),
(12, 627, 0, '2019-04-07 00:20:04', '2019-04-07 00:20:04'),
(13, 627, 1, '2019-04-07 00:20:04', '2019-04-07 00:20:04'),
(14, 627, 9, '2019-04-07 00:20:04', '2019-04-07 00:20:04'),
(15, 627, 3, '2019-04-07 00:20:04', '2019-04-07 00:20:04'),
(16, 627, 0, '2019-04-07 00:20:04', '2019-04-07 00:20:04'),
(17, 627, 4, '2019-04-07 00:20:04', '2019-04-07 00:20:04'),
(18, 627, 4, '2019-04-07 00:20:04', '2019-04-07 00:20:04');

-- --------------------------------------------------------

--
-- Table structure for table `dapil`
--

CREATE TABLE `dapil` (
  `id_dapil` int(11) UNSIGNED NOT NULL,
  `nama_dapil` varchar(50) NOT NULL,
  `isDeleted` tinyint(1) NOT NULL DEFAULT '0',
  `created_at` timestamp NOT NULL DEFAULT CURRENT_TIMESTAMP ON UPDATE CURRENT_TIMESTAMP,
  `updated_at` timestamp NULL DEFAULT NULL
) ENGINE=InnoDB DEFAULT CHARSET=latin1;

--
-- Dumping data for table `dapil`
--

INSERT INTO `dapil` (`id_dapil`, `nama_dapil`, `isDeleted`, `created_at`, `updated_at`) VALUES
(13, 'Dapil 001', 0, '2019-04-04 23:33:44', '2019-04-04 23:33:44'),
(14, 'Dapil 002', 0, '2019-04-04 23:34:11', '2019-04-04 23:34:11'),
(16, 'Dapil 003', 0, '2019-04-05 06:34:53', '2019-04-04 23:34:53'),
(17, 'Dapil 004', 0, '2019-04-04 23:35:23', '2019-04-04 23:35:23');

-- --------------------------------------------------------

--
-- Table structure for table `desa`
--

CREATE TABLE `desa` (
  `id_desa` int(11) UNSIGNED NOT NULL,
  `id_kecamatan` int(11) UNSIGNED DEFAULT NULL,
  `desa` varchar(100) NOT NULL,
  `isDeleted` tinyint(1) NOT NULL DEFAULT '0',
  `created_at` timestamp NOT NULL DEFAULT CURRENT_TIMESTAMP ON UPDATE CURRENT_TIMESTAMP,
  `updated_at` timestamp NOT NULL DEFAULT '0000-00-00 00:00:00'
) ENGINE=InnoDB DEFAULT CHARSET=latin1;

--
-- Dumping data for table `desa`
--

INSERT INTO `desa` (`id_desa`, `id_kecamatan`, `desa`, `isDeleted`, `created_at`, `updated_at`) VALUES
(1, 1, 'AIR GEMURUH', 0, '0000-00-00 00:00:00', '0000-00-00 00:00:00'),
(2, 1, 'BUNGO TAMAN AGUNG', 0, '0000-00-00 00:00:00', '0000-00-00 00:00:00'),
(3, 1, 'LUBUK BENTENG', 0, '0000-00-00 00:00:00', '0000-00-00 00:00:00'),
(4, 1, 'MANGGIS', 0, '0000-00-00 00:00:00', '0000-00-00 00:00:00'),
(5, 1, 'PURWO BHAKTI', 0, '0000-00-00 00:00:00', '0000-00-00 00:00:00'),
(6, 1, 'SARANA JAYA', 0, '0000-00-00 00:00:00', '0000-00-00 00:00:00'),
(7, 1, 'SUNGAI BINJAI', 0, '0000-00-00 00:00:00', '0000-00-00 00:00:00'),
(8, 1, 'TELUK PANJANG', 0, '0000-00-00 00:00:00', '0000-00-00 00:00:00'),
(9, 2, 'BABEKO', 0, '0000-00-00 00:00:00', '0000-00-00 00:00:00'),
(10, 2, 'SEPUNGGUR', 0, '0000-00-00 00:00:00', '0000-00-00 00:00:00'),
(11, 2, 'SIMPANG BEBEKO', 0, '0000-00-00 00:00:00', '0000-00-00 00:00:00'),
(12, 2, 'SUKA MAKMUR', 0, '0000-00-00 00:00:00', '0000-00-00 00:00:00'),
(13, 2, 'TANJUNG MENANTI', 0, '0000-00-00 00:00:00', '0000-00-00 00:00:00'),
(14, 2, 'TUO SEPUNGGUR', 0, '0000-00-00 00:00:00', '0000-00-00 00:00:00'),
(15, 3, 'BATANG BUNGO', 0, '0000-00-00 00:00:00', '0000-00-00 00:00:00'),
(16, 3, 'BUNGO BARAT', 0, '0000-00-00 00:00:00', '0000-00-00 00:00:00'),
(17, 3, 'BUNGO TIMUR', 0, '0000-00-00 00:00:00', '0000-00-00 00:00:00'),
(18, 3, 'JAYA SETIA', 0, '0000-00-00 00:00:00', '0000-00-00 00:00:00'),
(19, 3, 'TANJUNG GEDANG', 0, '0000-00-00 00:00:00', '0000-00-00 00:00:00'),
(20, 4, 'CADIKA', 0, '0000-00-00 00:00:00', '0000-00-00 00:00:00'),
(21, 4, 'PASIR PUTIH', 0, '0000-00-00 00:00:00', '0000-00-00 00:00:00'),
(22, 4, 'SUNGAI BULUH', 0, '0000-00-00 00:00:00', '0000-00-00 00:00:00'),
(23, 4, 'SUNGAI MENGKUANG', 0, '0000-00-00 00:00:00', '0000-00-00 00:00:00'),
(24, 5, 'BALAI JAYA', 0, '0000-00-00 00:00:00', '0000-00-00 00:00:00'),
(25, 5, 'BARU PELEPAT', 0, '0000-00-00 00:00:00', '0000-00-00 00:00:00'),
(26, 5, 'BATU KERBAU', 0, '0000-00-00 00:00:00', '0000-00-00 00:00:00'),
(27, 5, 'BUKITTELAGO', 0, '0000-00-00 00:00:00', '0000-00-00 00:00:00'),
(28, 5, 'CILODANG', 0, '0000-00-00 00:00:00', '0000-00-00 00:00:00'),
(29, 5, 'DWI KARYA BAKTI', 0, '0000-00-00 00:00:00', '0000-00-00 00:00:00'),
(30, 5, 'GAPURA SUCI', 0, '0000-00-00 00:00:00', '0000-00-00 00:00:00'),
(31, 5, 'MULYA BAKTI', 0, '0000-00-00 00:00:00', '0000-00-00 00:00:00'),
(32, 5, 'MULYA JAYA', 0, '0000-00-00 00:00:00', '0000-00-00 00:00:00'),
(33, 5, 'RANTAU KELOYANG', 0, '0000-00-00 00:00:00', '0000-00-00 00:00:00'),
(34, 5, 'RANTEL', 0, '0000-00-00 00:00:00', '0000-00-00 00:00:00'),
(35, 5, 'SEKAMPIL', 0, '0000-00-00 00:00:00', '0000-00-00 00:00:00'),
(36, 5, 'SENAMAT', 0, '0000-00-00 00:00:00', '0000-00-00 00:00:00'),
(37, 5, 'SUNGAI BERINGIN', 0, '0000-00-00 00:00:00', '0000-00-00 00:00:00'),
(38, 5, 'SUNGAI GURUN', 0, '0000-00-00 00:00:00', '0000-00-00 00:00:00'),
(39, 6, 'BANGUN HARJO', 0, '0000-00-00 00:00:00', '0000-00-00 00:00:00'),
(40, 6, 'DANAU', 0, '0000-00-00 00:00:00', '0000-00-00 00:00:00'),
(41, 6, 'DAYA MURNI', 0, '0000-00-00 00:00:00', '0000-00-00 00:00:00'),
(42, 6, 'KARYA HARAPAN MUKTI', 0, '0000-00-00 00:00:00', '0000-00-00 00:00:00'),
(43, 6, 'KOTO JAYO', 0, '0000-00-00 00:00:00', '0000-00-00 00:00:00'),
(44, 6, 'KUAMANG JAYA', 0, '0000-00-00 00:00:00', '0000-00-00 00:00:00'),
(45, 6, 'KUNING GADING', 0, '0000-00-00 00:00:00', '0000-00-00 00:00:00'),
(46, 6, 'LEMBAH KUAMANG', 0, '0000-00-00 00:00:00', '0000-00-00 00:00:00'),
(47, 6, 'LINGGA KUAMANG', 0, '0000-00-00 00:00:00', '0000-00-00 00:00:00'),
(48, 6, 'LUBUK', 0, '0000-00-00 00:00:00', '0000-00-00 00:00:00'),
(49, 6, 'MAJU JAYA', 0, '0000-00-00 00:00:00', '0000-00-00 00:00:00'),
(50, 6, 'MUARA KUAMANG', 0, '0000-00-00 00:00:00', '0000-00-00 00:00:00'),
(51, 6, 'PADANG PALANGEH', 0, '0000-00-00 00:00:00', '0000-00-00 00:00:00'),
(52, 6, 'PURWOSARI', 0, '0000-00-00 00:00:00', '0000-00-00 00:00:00'),
(53, 6, 'SUMBER HARAPAN', 0, '0000-00-00 00:00:00', '0000-00-00 00:00:00'),
(54, 6, 'SUMBER MULYA', 0, '0000-00-00 00:00:00', '0000-00-00 00:00:00'),
(55, 6, 'TIRTA MULYA', 0, '0000-00-00 00:00:00', '0000-00-00 00:00:00'),
(56, 7, 'PELAYANG', 0, '0000-00-00 00:00:00', '0000-00-00 00:00:00'),
(57, 7, 'PENINJAU', 0, '0000-00-00 00:00:00', '0000-00-00 00:00:00'),
(58, 7, 'PULAU KERAKAP', 0, '0000-00-00 00:00:00', '0000-00-00 00:00:00'),
(59, 7, 'SEBERANG JAYA', 0, '0000-00-00 00:00:00', '0000-00-00 00:00:00'),
(60, 7, 'TALANG SELUNGKO', 0, '0000-00-00 00:00:00', '0000-00-00 00:00:00'),
(61, 8, 'BARU BALAI PANJANG', 0, '0000-00-00 00:00:00', '0000-00-00 00:00:00'),
(62, 8, 'JUMBAK', 0, '0000-00-00 00:00:00', '0000-00-00 00:00:00'),
(63, 8, 'PULAU JELMU', 0, '0000-00-00 00:00:00', '0000-00-00 00:00:00'),
(64, 8, 'RANTAU IKIL', 0, '0000-00-00 00:00:00', '0000-00-00 00:00:00'),
(65, 8, 'RANTAU PANJANG', 0, '0000-00-00 00:00:00', '0000-00-00 00:00:00'),
(66, 8, 'SIRIH SEKAPUR', 0, '0000-00-00 00:00:00', '0000-00-00 00:00:00'),
(67, 8, 'SIRIH SEKAPUR PERKEMBANGAN', 0, '0000-00-00 00:00:00', '0000-00-00 00:00:00'),
(68, 8, 'TALANG PAMESUN', 0, '0000-00-00 00:00:00', '0000-00-00 00:00:00'),
(69, 8, 'TANJUNG BELIT', 0, '0000-00-00 00:00:00', '0000-00-00 00:00:00'),
(70, 8, 'UJUNG TANJUNG', 0, '0000-00-00 00:00:00', '0000-00-00 00:00:00'),
(71, 9, 'AUR GADING', 0, '0000-00-00 00:00:00', '0000-00-00 00:00:00'),
(72, 9, 'BUKIT SARI', 0, '0000-00-00 00:00:00', '0000-00-00 00:00:00'),
(73, 9, 'KUAMANG', 0, '0000-00-00 00:00:00', '0000-00-00 00:00:00'),
(74, 9, 'LUBUK TENAM', 0, '0000-00-00 00:00:00', '0000-00-00 00:00:00'),
(75, 9, 'PULAU BATU', 0, '0000-00-00 00:00:00', '0000-00-00 00:00:00'),
(76, 9, 'SARI MULYA', 0, '0000-00-00 00:00:00', '0000-00-00 00:00:00'),
(77, 9, 'TEPIAN DANTO', 0, '0000-00-00 00:00:00', '0000-00-00 00:00:00'),
(78, 10, 'BARU LBK. MENGKUANG', 0, '0000-00-00 00:00:00', '0000-00-00 00:00:00'),
(79, 10, 'LBK. TANAH TERBAN', 0, '0000-00-00 00:00:00', '0000-00-00 00:00:00'),
(80, 10, 'LIMBUR BARU', 0, '0000-00-00 00:00:00', '0000-00-00 00:00:00'),
(81, 10, 'MUARO TEBO PANDAK', 0, '0000-00-00 00:00:00', '0000-00-00 00:00:00'),
(82, 10, 'PAUH AGUNG', 0, '0000-00-00 00:00:00', '0000-00-00 00:00:00'),
(83, 10, 'PEMUNYIAN', 0, '0000-00-00 00:00:00', '0000-00-00 00:00:00'),
(84, 10, 'RANTAU TIPU', 0, '0000-00-00 00:00:00', '0000-00-00 00:00:00'),
(85, 10, 'RENAH SUNGAI BESAR', 0, '0000-00-00 00:00:00', '0000-00-00 00:00:00'),
(86, 10, 'RENAH SUNGAI IPUH', 0, '0000-00-00 00:00:00', '0000-00-00 00:00:00'),
(87, 10, 'SEKAR MENGKUANG', 0, '0000-00-00 00:00:00', '0000-00-00 00:00:00'),
(88, 10, 'TANJUNG BUNGO', 0, '0000-00-00 00:00:00', '0000-00-00 00:00:00'),
(89, 10, 'TEBO JAYA', 0, '0000-00-00 00:00:00', '0000-00-00 00:00:00'),
(90, 10, 'TUO LBK. MENGKUANG', 0, '0000-00-00 00:00:00', '0000-00-00 00:00:00'),
(91, 10, 'TUO LIMBUR', 0, '0000-00-00 00:00:00', '0000-00-00 00:00:00'),
(92, 11, 'CANDI', 0, '0000-00-00 00:00:00', '0000-00-00 00:00:00'),
(93, 11, 'EMPELU', 0, '0000-00-00 00:00:00', '0000-00-00 00:00:00'),
(94, 11, 'PASAR LUBUK LANDAI', 0, '0000-00-00 00:00:00', '0000-00-00 00:00:00'),
(95, 11, 'PASAR RANTAU EMBACANG', 0, '0000-00-00 00:00:00', '0000-00-00 00:00:00'),
(96, 11, 'SUNGAI GAMBIR', 0, '0000-00-00 00:00:00', '0000-00-00 00:00:00'),
(97, 11, 'TANAH BEKALI', 0, '0000-00-00 00:00:00', '0000-00-00 00:00:00'),
(98, 11, 'TANJUNG', 0, '0000-00-00 00:00:00', '0000-00-00 00:00:00'),
(99, 11, 'TELENTAM', 0, '0000-00-00 00:00:00', '0000-00-00 00:00:00'),
(100, 11, 'TELUK PANDAK', 0, '0000-00-00 00:00:00', '0000-00-00 00:00:00'),
(101, 11, 'TENAM', 0, '0000-00-00 00:00:00', '0000-00-00 00:00:00'),
(102, 12, 'EMBACANG GEDANG', 0, '0000-00-00 00:00:00', '0000-00-00 00:00:00'),
(103, 12, 'LUBUK LANDAI', 0, '0000-00-00 00:00:00', '0000-00-00 00:00:00'),
(104, 12, 'PAKU AJI', 0, '0000-00-00 00:00:00', '0000-00-00 00:00:00'),
(105, 12, 'PEMATANG PANJANG', 0, '0000-00-00 00:00:00', '0000-00-00 00:00:00'),
(106, 12, 'RANTAU EMBACANG', 0, '0000-00-00 00:00:00', '0000-00-00 00:00:00'),
(107, 12, 'RANTAU MAKMUR', 0, '0000-00-00 00:00:00', '0000-00-00 00:00:00'),
(108, 12, 'SUNGAI LILIN', 0, '0000-00-00 00:00:00', '0000-00-00 00:00:00'),
(109, 12, 'SUNGAI MANCUR', 0, '0000-00-00 00:00:00', '0000-00-00 00:00:00'),
(110, 12, 'SUNGAI PURI', 0, '0000-00-00 00:00:00', '0000-00-00 00:00:00'),
(111, 12, 'SUNGAI TEMBANG', 0, '0000-00-00 00:00:00', '0000-00-00 00:00:00'),
(112, 12, 'TANAH PERIUK', 0, '0000-00-00 00:00:00', '0000-00-00 00:00:00'),
(113, 12, 'TEBING TINGGI', 0, '0000-00-00 00:00:00', '0000-00-00 00:00:00'),
(114, 13, 'BUKIT KEMANG BARU', 0, '0000-00-00 00:00:00', '0000-00-00 00:00:00'),
(115, 13, 'KOTO JAYO', 0, '0000-00-00 00:00:00', '0000-00-00 00:00:00'),
(116, 13, 'LUBUK NIUR', 0, '0000-00-00 00:00:00', '0000-00-00 00:00:00'),
(117, 13, 'PANJANG', 0, '0000-00-00 00:00:00', '0000-00-00 00:00:00'),
(118, 13, 'PEDUKUN', 0, '0000-00-00 00:00:00', '0000-00-00 00:00:00'),
(119, 13, 'PERENTI LUWEH', 0, '0000-00-00 00:00:00', '0000-00-00 00:00:00'),
(120, 13, 'RAMBAH', 0, '0000-00-00 00:00:00', '0000-00-00 00:00:00'),
(121, 13, 'RENAH JELMU', 0, '0000-00-00 00:00:00', '0000-00-00 00:00:00'),
(122, 13, 'TANAH TUMBUH', 0, '0000-00-00 00:00:00', '0000-00-00 00:00:00'),
(123, 13, 'TEBING TINGGI ULEH', 0, '0000-00-00 00:00:00', '0000-00-00 00:00:00'),
(124, 13, 'TELUK KECIMBUNG', 0, '0000-00-00 00:00:00', '0000-00-00 00:00:00'),
(125, 14, 'AUR CINO', 0, '0000-00-00 00:00:00', '0000-00-00 00:00:00'),
(126, 14, 'BUAT', 0, '0000-00-00 00:00:00', '0000-00-00 00:00:00'),
(127, 14, 'KARAK APUNG', 0, '0000-00-00 00:00:00', '0000-00-00 00:00:00'),
(128, 14, 'LAMAN PANJANG', 0, '0000-00-00 00:00:00', '0000-00-00 00:00:00'),
(129, 14, 'LUBUK BERINGIN', 0, '0000-00-00 00:00:00', '0000-00-00 00:00:00'),
(130, 14, 'MUARA BUAT', 0, '0000-00-00 00:00:00', '0000-00-00 00:00:00'),
(131, 14, 'SENAMAT ULU', 0, '0000-00-00 00:00:00', '0000-00-00 00:00:00'),
(132, 14, 'SUNGAI TELANG', 0, '0000-00-00 00:00:00', '0000-00-00 00:00:00'),
(133, 14, 'TIMBOLASI', 0, '0000-00-00 00:00:00', '0000-00-00 00:00:00'),
(134, 15, 'PULAU PEKAN', 0, '0000-00-00 00:00:00', '0000-00-00 00:00:00'),
(135, 15, 'SUNGAI ARANG', 0, '0000-00-00 00:00:00', '0000-00-00 00:00:00'),
(136, 15, 'SUNGAI KERJAN', 0, '0000-00-00 00:00:00', '0000-00-00 00:00:00'),
(137, 15, 'SUNGAI PINANG', 0, '0000-00-00 00:00:00', '0000-00-00 00:00:00'),
(138, 15, 'TALANG PANTAI', 0, '0000-00-00 00:00:00', '0000-00-00 00:00:00'),
(139, 16, 'BARU PUSAT JALO', 0, '0000-00-00 00:00:00', '0000-00-00 00:00:00'),
(140, 16, 'BEDARO', 0, '0000-00-00 00:00:00', '0000-00-00 00:00:00'),
(141, 16, 'DATAR', 0, '0000-00-00 00:00:00', '0000-00-00 00:00:00'),
(142, 16, 'MANGUN JAYO', 0, '0000-00-00 00:00:00', '0000-00-00 00:00:00'),
(143, 16, 'PEKAN JUM\'AT', 0, '0000-00-00 00:00:00', '0000-00-00 00:00:00'),
(144, 16, 'SUKA JAYA', 0, '0000-00-00 00:00:00', '0000-00-00 00:00:00'),
(145, 16, 'TANJUNG AGUNG', 0, '0000-00-00 00:00:00', '0000-00-00 00:00:00'),
(146, 16, 'TEBAT', 0, '0000-00-00 00:00:00', '0000-00-00 00:00:00'),
(147, 16, 'TEBING TINGGI', 0, '0000-00-00 00:00:00', '0000-00-00 00:00:00'),
(148, 17, 'LEBAN', 0, '0000-00-00 00:00:00', '0000-00-00 00:00:00'),
(149, 17, 'LUBUK KAYU ARO', 0, '0000-00-00 00:00:00', '0000-00-00 00:00:00'),
(150, 17, 'LUBUK MAYAN', 0, '0000-00-00 00:00:00', '0000-00-00 00:00:00'),
(151, 17, 'RANTAU DUKU', 0, '0000-00-00 00:00:00', '0000-00-00 00:00:00'),
(152, 17, 'RANTAU PANDAN', 0, '0000-00-00 00:00:00', '0000-00-00 00:00:00'),
(153, 17, 'TALANG SUNGAI BUNGO', 0, '0000-00-00 00:00:00', '0000-00-00 00:00:00');

-- --------------------------------------------------------

--
-- Table structure for table `kecamatan`
--

CREATE TABLE `kecamatan` (
  `id_kecamatan` int(11) UNSIGNED NOT NULL,
  `id_dapil` int(11) UNSIGNED NOT NULL,
  `kecamatan` varchar(50) NOT NULL,
  `isDeleted` tinyint(1) NOT NULL DEFAULT '0',
  `created_at` timestamp NOT NULL DEFAULT CURRENT_TIMESTAMP ON UPDATE CURRENT_TIMESTAMP,
  `updated_at` timestamp NOT NULL DEFAULT '0000-00-00 00:00:00'
) ENGINE=InnoDB DEFAULT CHARSET=latin1;

--
-- Dumping data for table `kecamatan`
--

INSERT INTO `kecamatan` (`id_kecamatan`, `id_dapil`, `kecamatan`, `isDeleted`, `created_at`, `updated_at`) VALUES
(1, 13, 'BATHIN III', 0, '2019-04-06 12:12:36', '2019-04-06 12:12:36'),
(2, 13, 'BATIN II BABEKO', 0, '2019-04-06 12:15:32', '2019-04-06 12:15:32'),
(3, 13, 'PASAR MUARO BUNGO', 0, '2019-04-06 12:15:48', '2019-04-06 12:15:48'),
(4, 13, 'RIMBO TENGAH', 0, '2019-04-06 12:15:58', '2019-04-06 12:15:58'),
(5, 14, 'PELEPAT', 0, '2019-04-06 12:16:11', '2019-04-06 12:16:11'),
(6, 14, 'PELEPAT ILIR', 0, '2019-04-06 12:15:22', '2019-04-06 12:16:27'),
(7, 16, 'BATHIN II PELAYANG', 0, '2019-04-06 12:16:51', '2019-04-06 12:16:51'),
(8, 16, 'JUJUHAN', 0, '2019-04-06 12:17:03', '2019-04-06 12:17:03'),
(9, 16, 'JUJUHAN ILIR', 0, '2019-04-06 12:17:18', '2019-04-06 12:17:18'),
(10, 16, 'LIMBUR LUBUK MENGKUANG', 0, '2019-04-06 12:17:54', '2019-04-06 12:17:54'),
(11, 16, 'TANAH SEPENGGAL', 0, '2019-04-06 12:18:10', '2019-04-06 12:18:10'),
(12, 16, 'TANAH SEPENGGAL LINTAS', 0, '2019-04-06 12:18:26', '2019-04-06 12:18:26'),
(13, 16, 'TANAH TUMBUH', 0, '2019-04-06 12:18:56', '2019-04-06 12:18:56'),
(14, 17, 'BATHIN III ULU', 0, '2019-04-06 12:19:19', '2019-04-06 12:19:19'),
(15, 17, 'BUNGO DANI', 0, '2019-04-06 12:19:35', '2019-04-06 12:19:35'),
(16, 17, 'MUKO-MUKO BATHIN VII', 0, '2019-04-06 12:20:00', '2019-04-06 12:20:00'),
(17, 17, 'RANTAU PANDAN', 0, '2019-04-06 12:20:15', '2019-04-06 12:20:15');

-- --------------------------------------------------------

--
-- Table structure for table `partai`
--

CREATE TABLE `partai` (
  `id_partai` int(11) UNSIGNED NOT NULL,
  `nama_partai` varchar(50) NOT NULL,
  `logo_partai` varchar(255) DEFAULT NULL,
  `isDeleted` tinyint(1) NOT NULL DEFAULT '0',
  `created_at` timestamp NOT NULL DEFAULT CURRENT_TIMESTAMP ON UPDATE CURRENT_TIMESTAMP,
  `updated_at` timestamp NOT NULL DEFAULT '0000-00-00 00:00:00'
) ENGINE=InnoDB DEFAULT CHARSET=latin1;

--
-- Dumping data for table `partai`
--

INSERT INTO `partai` (`id_partai`, `nama_partai`, `logo_partai`, `isDeleted`, `created_at`, `updated_at`) VALUES
(1, 'Demokrat', '1554483052.gif', 1, '2019-04-05 09:52:36', '2019-04-05 16:52:36'),
(2, 'Berkarya', '1554483070.jpg', 1, '2019-04-05 09:52:40', '2019-04-05 16:52:40'),
(3, 'PARTAI KEBANGKITAN BANGSA', '1554490510.jpg', 0, '2019-04-05 11:55:10', '2019-04-05 18:55:10'),
(4, 'GERAKAN INDONESIA RAYA', '1554490540.jpg', 0, '2019-04-05 11:55:40', '2019-04-05 18:55:40'),
(5, 'PARTAI DEMOKRASI INDONESIA PERJUANGAN', '1554490563.jpg', 0, '2019-04-05 11:56:03', '2019-04-05 18:56:03'),
(6, 'GOLONGAN KARYA', '1554490586.png', 0, '2019-04-05 11:56:26', '2019-04-05 18:56:26'),
(7, 'Nasdem', '1554483376.jpg', 0, '2019-04-05 16:56:16', '2019-04-05 16:56:16'),
(8, 'PARTAI GERAKAN PERUBAHAN INDONESIA', '1554490630.png', 0, '2019-04-05 11:57:10', '2019-04-05 18:57:10'),
(9, 'BERKARYA', '1554490650.jpg', 0, '2019-04-05 11:57:31', '2019-04-05 18:57:31'),
(10, 'PARTAI KEADILAN SEJAHTERA', '1554490679.jpg', 0, '2019-04-05 11:57:59', '2019-04-05 18:57:59'),
(11, 'PERSATUAN INDONESIA', '1554490709.png', 0, '2019-04-05 11:58:29', '2019-04-05 18:58:29'),
(12, 'PARTAI PERSATUAN PEMBANGUNAN', '1554490733.png', 0, '2019-04-05 11:58:53', '2019-04-05 18:58:53'),
(13, 'PARTAI SOLIDARITAS INDONESIA', '1554490462.png', 0, '2019-04-05 11:54:22', '2019-04-05 18:54:22'),
(14, 'PARTAI AMANAT NASIONAL', '1554490758.jpg', 0, '2019-04-05 11:59:18', '2019-04-05 18:59:18'),
(15, 'HATI NURANI RAKYAT', '1554490787.jpg', 0, '2019-04-05 11:59:47', '2019-04-05 18:59:47'),
(16, 'DEMOKRAT', '1554490809.gif', 0, '2019-04-05 12:00:09', '2019-04-05 19:00:09'),
(17, 'PARTAI BULAN BINTANG', '1554490840.png', 0, '2019-04-05 12:00:40', '2019-04-05 19:00:40'),
(18, 'PARTAI KEADILAN DAN PERSATUAN INDONESIA', '1554490874.png', 0, '2019-04-05 12:01:14', '2019-04-05 19:01:14');

-- --------------------------------------------------------

--
-- Table structure for table `pemilihan`
--

CREATE TABLE `pemilihan` (
  `id_pemilihan` int(11) UNSIGNED NOT NULL,
  `id_tps` int(11) UNSIGNED NOT NULL,
  `id_calon` int(11) UNSIGNED NOT NULL,
  `jumlah_suara` int(11) NOT NULL,
  `isDeleted` tinyint(1) NOT NULL DEFAULT '0',
  `created_at` timestamp NOT NULL DEFAULT CURRENT_TIMESTAMP ON UPDATE CURRENT_TIMESTAMP,
  `updated_at` timestamp NOT NULL DEFAULT '0000-00-00 00:00:00',
  `created_by` int(11) UNSIGNED DEFAULT NULL
) ENGINE=InnoDB DEFAULT CHARSET=latin1;

--
-- Dumping data for table `pemilihan`
--

INSERT INTO `pemilihan` (`id_pemilihan`, `id_tps`, `id_calon`, `jumlah_suara`, `isDeleted`, `created_at`, `updated_at`, `created_by`) VALUES
(1705, 627, 1, 0, 0, '2019-04-07 00:19:44', '2019-04-07 00:19:44', NULL),
(1706, 627, 2, 0, 0, '2019-04-07 00:19:44', '2019-04-07 00:19:44', NULL),
(1707, 627, 3, 0, 0, '2019-04-07 00:19:44', '2019-04-07 00:19:44', NULL),
(1708, 627, 4, 0, 0, '2019-04-07 00:19:44', '2019-04-07 00:19:44', NULL),
(1709, 627, 5, 0, 0, '2019-04-07 00:19:44', '2019-04-07 00:19:44', NULL),
(1710, 627, 6, 0, 0, '2019-04-07 00:19:45', '2019-04-07 00:19:45', NULL),
(1711, 627, 7, 0, 0, '2019-04-07 00:19:45', '2019-04-07 00:19:45', NULL),
(1712, 627, 8, 0, 0, '2019-04-07 00:19:45', '2019-04-07 00:19:45', NULL),
(1713, 627, 9, 0, 0, '2019-04-07 00:19:45', '2019-04-07 00:19:45', NULL),
(1714, 627, 132, 0, 0, '2019-04-07 00:19:45', '2019-04-07 00:19:45', NULL),
(1715, 627, 133, 0, 0, '2019-04-07 00:19:45', '2019-04-07 00:19:45', NULL),
(1716, 627, 134, 0, 0, '2019-04-07 00:19:45', '2019-04-07 00:19:45', NULL),
(1717, 627, 135, 0, 0, '2019-04-07 00:19:45', '2019-04-07 00:19:45', NULL),
(1718, 627, 223, 0, 0, '2019-04-07 00:19:45', '2019-04-07 00:19:45', NULL),
(1719, 627, 224, 0, 0, '2019-04-07 00:19:45', '2019-04-07 00:19:45', NULL),
(1720, 627, 225, 0, 0, '2019-04-07 00:19:45', '2019-04-07 00:19:45', NULL),
(1721, 627, 226, 0, 0, '2019-04-07 00:19:45', '2019-04-07 00:19:45', NULL),
(1722, 627, 227, 0, 0, '2019-04-07 00:19:45', '2019-04-07 00:19:45', NULL),
(1723, 627, 228, 0, 0, '2019-04-07 00:19:45', '2019-04-07 00:19:45', NULL),
(1724, 627, 229, 0, 0, '2019-04-07 00:19:45', '2019-04-07 00:19:45', NULL),
(1725, 627, 230, 0, 0, '2019-04-07 00:19:45', '2019-04-07 00:19:45', NULL),
(1726, 627, 231, 0, 0, '2019-04-07 00:19:46', '2019-04-07 00:19:46', NULL),
(1727, 627, 232, 0, 0, '2019-04-07 00:19:46', '2019-04-07 00:19:46', NULL),
(1728, 627, 233, 0, 0, '2019-04-07 00:19:46', '2019-04-07 00:19:46', NULL),
(1729, 627, 367, 0, 0, '2019-04-07 00:19:46', '2019-04-07 00:19:46', NULL),
(1730, 627, 368, 0, 0, '2019-04-07 00:19:46', '2019-04-07 00:19:46', NULL),
(1731, 627, 369, 0, 0, '2019-04-07 00:19:46', '2019-04-07 00:19:46', NULL),
(1732, 627, 370, 0, 0, '2019-04-07 00:19:46', '2019-04-07 00:19:46', NULL),
(1733, 627, 371, 0, 0, '2019-04-07 00:19:46', '2019-04-07 00:19:46', NULL),
(1734, 627, 372, 0, 0, '2019-04-07 00:19:46', '2019-04-07 00:19:46', NULL),
(1735, 627, 10, 0, 0, '2019-04-07 00:19:46', '2019-04-07 00:19:46', NULL),
(1736, 627, 11, 0, 0, '2019-04-07 00:19:47', '2019-04-07 00:19:47', NULL),
(1737, 627, 12, 0, 0, '2019-04-07 00:19:47', '2019-04-07 00:19:47', NULL),
(1738, 627, 13, 0, 0, '2019-04-07 00:19:47', '2019-04-07 00:19:47', NULL),
(1739, 627, 14, 0, 0, '2019-04-07 00:19:47', '2019-04-07 00:19:47', NULL),
(1740, 627, 15, 0, 0, '2019-04-07 00:19:47', '2019-04-07 00:19:47', NULL),
(1741, 627, 16, 0, 0, '2019-04-07 00:19:47', '2019-04-07 00:19:47', NULL),
(1742, 627, 17, 0, 0, '2019-04-07 00:19:47', '2019-04-07 00:19:47', NULL),
(1743, 627, 18, 0, 0, '2019-04-07 00:19:47', '2019-04-07 00:19:47', NULL),
(1744, 627, 138, 0, 0, '2019-04-07 00:19:47', '2019-04-07 00:19:47', NULL),
(1745, 627, 139, 0, 0, '2019-04-07 00:19:48', '2019-04-07 00:19:48', NULL),
(1746, 627, 140, 0, 0, '2019-04-07 00:19:48', '2019-04-07 00:19:48', NULL),
(1747, 627, 141, 0, 0, '2019-04-07 00:19:48', '2019-04-07 00:19:48', NULL),
(1748, 627, 142, 0, 0, '2019-04-07 00:19:48', '2019-04-07 00:19:48', NULL),
(1749, 627, 143, 0, 0, '2019-04-07 00:19:48', '2019-04-07 00:19:48', NULL),
(1750, 627, 144, 0, 0, '2019-04-07 00:19:48', '2019-04-07 00:19:48', NULL),
(1751, 627, 234, 0, 0, '2019-04-07 00:19:48', '2019-04-07 00:19:48', NULL),
(1752, 627, 235, 0, 0, '2019-04-07 00:19:48', '2019-04-07 00:19:48', NULL),
(1753, 627, 236, 0, 0, '2019-04-07 00:19:48', '2019-04-07 00:19:48', NULL),
(1754, 627, 237, 0, 0, '2019-04-07 00:19:48', '2019-04-07 00:19:48', NULL),
(1755, 627, 238, 0, 0, '2019-04-07 00:19:48', '2019-04-07 00:19:48', NULL),
(1756, 627, 239, 0, 0, '2019-04-07 00:19:48', '2019-04-07 00:19:48', NULL),
(1757, 627, 240, 0, 0, '2019-04-07 00:19:48', '2019-04-07 00:19:48', NULL),
(1758, 627, 241, 0, 0, '2019-04-07 00:19:48', '2019-04-07 00:19:48', NULL),
(1759, 627, 242, 0, 0, '2019-04-07 00:19:48', '2019-04-07 00:19:48', NULL),
(1760, 627, 243, 0, 0, '2019-04-07 00:19:48', '2019-04-07 00:19:48', NULL),
(1761, 627, 373, 0, 0, '2019-04-07 00:19:49', '2019-04-07 00:19:49', NULL),
(1762, 627, 374, 0, 0, '2019-04-07 00:19:49', '2019-04-07 00:19:49', NULL),
(1763, 627, 375, 0, 0, '2019-04-07 00:19:49', '2019-04-07 00:19:49', NULL),
(1764, 627, 376, 0, 0, '2019-04-07 00:19:49', '2019-04-07 00:19:49', NULL),
(1765, 627, 377, 0, 0, '2019-04-07 00:19:49', '2019-04-07 00:19:49', NULL),
(1766, 627, 19, 0, 0, '2019-04-07 00:19:49', '2019-04-07 00:19:49', NULL),
(1767, 627, 20, 0, 0, '2019-04-07 00:19:49', '2019-04-07 00:19:49', NULL),
(1768, 627, 21, 0, 0, '2019-04-07 00:19:49', '2019-04-07 00:19:49', NULL),
(1769, 627, 22, 0, 0, '2019-04-07 00:19:49', '2019-04-07 00:19:49', NULL),
(1770, 627, 23, 0, 0, '2019-04-07 00:19:49', '2019-04-07 00:19:49', NULL),
(1771, 627, 24, 0, 0, '2019-04-07 00:19:49', '2019-04-07 00:19:49', NULL),
(1772, 627, 25, 0, 0, '2019-04-07 00:19:49', '2019-04-07 00:19:49', NULL),
(1773, 627, 26, 0, 0, '2019-04-07 00:19:49', '2019-04-07 00:19:49', NULL),
(1774, 627, 27, 0, 0, '2019-04-07 00:19:49', '2019-04-07 00:19:49', NULL),
(1775, 627, 145, 0, 0, '2019-04-07 00:19:49', '2019-04-07 00:19:49', NULL),
(1776, 627, 146, 0, 0, '2019-04-07 00:19:49', '2019-04-07 00:19:49', NULL),
(1777, 627, 147, 0, 0, '2019-04-07 00:19:49', '2019-04-07 00:19:49', NULL),
(1778, 627, 148, 0, 0, '2019-04-07 00:19:49', '2019-04-07 00:19:49', NULL),
(1779, 627, 149, 0, 0, '2019-04-07 00:19:49', '2019-04-07 00:19:49', NULL),
(1780, 627, 150, 0, 0, '2019-04-07 00:19:49', '2019-04-07 00:19:49', NULL),
(1781, 627, 151, 0, 0, '2019-04-07 00:19:49', '2019-04-07 00:19:49', NULL),
(1782, 627, 152, 0, 0, '2019-04-07 00:19:49', '2019-04-07 00:19:49', NULL),
(1783, 627, 244, 0, 0, '2019-04-07 00:19:49', '2019-04-07 00:19:49', NULL),
(1784, 627, 245, 0, 0, '2019-04-07 00:19:50', '2019-04-07 00:19:50', NULL),
(1785, 627, 246, 0, 0, '2019-04-07 00:19:50', '2019-04-07 00:19:50', NULL),
(1786, 627, 247, 0, 0, '2019-04-07 00:19:50', '2019-04-07 00:19:50', NULL),
(1787, 627, 248, 0, 0, '2019-04-07 00:19:50', '2019-04-07 00:19:50', NULL),
(1788, 627, 249, 0, 0, '2019-04-07 00:19:50', '2019-04-07 00:19:50', NULL),
(1789, 627, 250, 0, 0, '2019-04-07 00:19:50', '2019-04-07 00:19:50', NULL),
(1790, 627, 251, 0, 0, '2019-04-07 00:19:50', '2019-04-07 00:19:50', NULL),
(1791, 627, 252, 0, 0, '2019-04-07 00:19:50', '2019-04-07 00:19:50', NULL),
(1792, 627, 253, 0, 0, '2019-04-07 00:19:50', '2019-04-07 00:19:50', NULL),
(1793, 627, 254, 0, 0, '2019-04-07 00:19:50', '2019-04-07 00:19:50', NULL),
(1794, 627, 257, 0, 0, '2019-04-07 00:19:50', '2019-04-07 00:19:50', NULL),
(1795, 627, 258, 0, 0, '2019-04-07 00:19:50', '2019-04-07 00:19:50', NULL),
(1796, 627, 260, 0, 0, '2019-04-07 00:19:50', '2019-04-07 00:19:50', NULL),
(1797, 627, 378, 0, 0, '2019-04-07 00:19:50', '2019-04-07 00:19:50', NULL),
(1798, 627, 379, 0, 0, '2019-04-07 00:19:50', '2019-04-07 00:19:50', NULL),
(1799, 627, 380, 0, 0, '2019-04-07 00:19:50', '2019-04-07 00:19:50', NULL),
(1800, 627, 381, 0, 0, '2019-04-07 00:19:50', '2019-04-07 00:19:50', NULL),
(1801, 627, 382, 0, 0, '2019-04-07 00:19:50', '2019-04-07 00:19:50', NULL),
(1802, 627, 384, 0, 0, '2019-04-07 00:19:50', '2019-04-07 00:19:50', NULL),
(1803, 627, 28, 0, 0, '2019-04-07 00:19:50', '2019-04-07 00:19:50', NULL),
(1804, 627, 29, 0, 0, '2019-04-07 00:19:50', '2019-04-07 00:19:50', NULL),
(1805, 627, 30, 0, 0, '2019-04-07 00:19:51', '2019-04-07 00:19:51', NULL),
(1806, 627, 31, 0, 0, '2019-04-07 00:19:51', '2019-04-07 00:19:51', NULL),
(1807, 627, 32, 0, 0, '2019-04-07 00:19:51', '2019-04-07 00:19:51', NULL),
(1808, 627, 33, 0, 0, '2019-04-07 00:19:51', '2019-04-07 00:19:51', NULL),
(1809, 627, 34, 0, 0, '2019-04-07 00:19:51', '2019-04-07 00:19:51', NULL),
(1810, 627, 35, 0, 0, '2019-04-07 00:19:51', '2019-04-07 00:19:51', NULL),
(1811, 627, 36, 0, 0, '2019-04-07 00:19:51', '2019-04-07 00:19:51', NULL),
(1812, 627, 153, 0, 0, '2019-04-07 00:19:51', '2019-04-07 00:19:51', NULL),
(1813, 627, 154, 0, 0, '2019-04-07 00:19:51', '2019-04-07 00:19:51', NULL),
(1814, 627, 155, 0, 0, '2019-04-07 00:19:51', '2019-04-07 00:19:51', NULL),
(1815, 627, 156, 0, 0, '2019-04-07 00:19:51', '2019-04-07 00:19:51', NULL),
(1816, 627, 157, 0, 0, '2019-04-07 00:19:51', '2019-04-07 00:19:51', NULL),
(1817, 627, 158, 0, 0, '2019-04-07 00:19:51', '2019-04-07 00:19:51', NULL),
(1818, 627, 159, 0, 0, '2019-04-07 00:19:51', '2019-04-07 00:19:51', NULL),
(1819, 627, 160, 0, 0, '2019-04-07 00:19:51', '2019-04-07 00:19:51', NULL),
(1820, 627, 255, 0, 0, '2019-04-07 00:19:51', '2019-04-07 00:19:51', NULL),
(1821, 627, 256, 0, 0, '2019-04-07 00:19:51', '2019-04-07 00:19:51', NULL),
(1822, 627, 259, 0, 0, '2019-04-07 00:19:51', '2019-04-07 00:19:51', NULL),
(1823, 627, 261, 0, 0, '2019-04-07 00:19:51', '2019-04-07 00:19:51', NULL),
(1824, 627, 262, 0, 0, '2019-04-07 00:19:51', '2019-04-07 00:19:51', NULL),
(1825, 627, 263, 0, 0, '2019-04-07 00:19:51', '2019-04-07 00:19:51', NULL),
(1826, 627, 264, 0, 0, '2019-04-07 00:19:51', '2019-04-07 00:19:51', NULL),
(1827, 627, 265, 0, 0, '2019-04-07 00:19:51', '2019-04-07 00:19:51', NULL),
(1828, 627, 266, 0, 0, '2019-04-07 00:19:51', '2019-04-07 00:19:51', NULL),
(1829, 627, 383, 0, 0, '2019-04-07 00:19:52', '2019-04-07 00:19:52', NULL),
(1830, 627, 385, 0, 0, '2019-04-07 00:19:52', '2019-04-07 00:19:52', NULL),
(1831, 627, 386, 0, 0, '2019-04-07 00:19:52', '2019-04-07 00:19:52', NULL),
(1832, 627, 387, 0, 0, '2019-04-07 00:19:52', '2019-04-07 00:19:52', NULL),
(1833, 627, 388, 0, 0, '2019-04-07 00:19:52', '2019-04-07 00:19:52', NULL),
(1834, 627, 37, 0, 0, '2019-04-07 00:19:52', '2019-04-07 00:19:52', NULL),
(1835, 627, 38, 0, 0, '2019-04-07 00:19:52', '2019-04-07 00:19:52', NULL),
(1836, 627, 39, 0, 0, '2019-04-07 00:19:52', '2019-04-07 00:19:52', NULL),
(1837, 627, 40, 0, 0, '2019-04-07 00:19:52', '2019-04-07 00:19:52', NULL),
(1838, 627, 41, 0, 0, '2019-04-07 00:19:52', '2019-04-07 00:19:52', NULL),
(1839, 627, 42, 0, 0, '2019-04-07 00:19:52', '2019-04-07 00:19:52', NULL),
(1840, 627, 43, 0, 0, '2019-04-07 00:19:52', '2019-04-07 00:19:52', NULL),
(1841, 627, 44, 0, 0, '2019-04-07 00:19:52', '2019-04-07 00:19:52', NULL),
(1842, 627, 45, 0, 0, '2019-04-07 00:19:52', '2019-04-07 00:19:52', NULL),
(1843, 627, 161, 0, 0, '2019-04-07 00:19:52', '2019-04-07 00:19:52', NULL),
(1844, 627, 162, 0, 0, '2019-04-07 00:19:52', '2019-04-07 00:19:52', NULL),
(1845, 627, 163, 0, 0, '2019-04-07 00:19:52', '2019-04-07 00:19:52', NULL),
(1846, 627, 164, 0, 0, '2019-04-07 00:19:52', '2019-04-07 00:19:52', NULL),
(1847, 627, 165, 0, 0, '2019-04-07 00:19:52', '2019-04-07 00:19:52', NULL),
(1848, 627, 166, 0, 0, '2019-04-07 00:19:52', '2019-04-07 00:19:52', NULL),
(1849, 627, 167, 0, 0, '2019-04-07 00:19:53', '2019-04-07 00:19:53', NULL),
(1850, 627, 168, 0, 0, '2019-04-07 00:19:53', '2019-04-07 00:19:53', NULL),
(1851, 627, 267, 0, 0, '2019-04-07 00:19:53', '2019-04-07 00:19:53', NULL),
(1852, 627, 268, 0, 0, '2019-04-07 00:19:53', '2019-04-07 00:19:53', NULL),
(1853, 627, 269, 0, 0, '2019-04-07 00:19:53', '2019-04-07 00:19:53', NULL),
(1854, 627, 270, 0, 0, '2019-04-07 00:19:53', '2019-04-07 00:19:53', NULL),
(1855, 627, 271, 0, 0, '2019-04-07 00:19:53', '2019-04-07 00:19:53', NULL),
(1856, 627, 272, 0, 0, '2019-04-07 00:19:53', '2019-04-07 00:19:53', NULL),
(1857, 627, 273, 0, 0, '2019-04-07 00:19:53', '2019-04-07 00:19:53', NULL),
(1858, 627, 274, 0, 0, '2019-04-07 00:19:53', '2019-04-07 00:19:53', NULL),
(1859, 627, 275, 0, 0, '2019-04-07 00:19:53', '2019-04-07 00:19:53', NULL),
(1860, 627, 389, 0, 0, '2019-04-07 00:19:53', '2019-04-07 00:19:53', NULL),
(1861, 627, 390, 0, 0, '2019-04-07 00:19:53', '2019-04-07 00:19:53', NULL),
(1862, 627, 391, 0, 0, '2019-04-07 00:19:53', '2019-04-07 00:19:53', NULL),
(1863, 627, 392, 0, 0, '2019-04-07 00:19:53', '2019-04-07 00:19:53', NULL),
(1864, 627, 393, 0, 0, '2019-04-07 00:19:53', '2019-04-07 00:19:53', NULL),
(1865, 627, 394, 0, 0, '2019-04-07 00:19:53', '2019-04-07 00:19:53', NULL),
(1866, 627, 46, 0, 0, '2019-04-07 00:19:53', '2019-04-07 00:19:53', NULL),
(1867, 627, 47, 0, 0, '2019-04-07 00:19:53', '2019-04-07 00:19:53', NULL),
(1868, 627, 48, 0, 0, '2019-04-07 00:19:53', '2019-04-07 00:19:53', NULL),
(1869, 627, 49, 0, 0, '2019-04-07 00:19:53', '2019-04-07 00:19:53', NULL),
(1870, 627, 50, 0, 0, '2019-04-07 00:19:53', '2019-04-07 00:19:53', NULL),
(1871, 627, 51, 0, 0, '2019-04-07 00:19:53', '2019-04-07 00:19:53', NULL),
(1872, 627, 52, 0, 0, '2019-04-07 00:19:53', '2019-04-07 00:19:53', NULL),
(1873, 627, 53, 0, 0, '2019-04-07 00:19:53', '2019-04-07 00:19:53', NULL),
(1874, 627, 54, 0, 0, '2019-04-07 00:19:53', '2019-04-07 00:19:53', NULL),
(1875, 627, 169, 0, 0, '2019-04-07 00:19:54', '2019-04-07 00:19:54', NULL),
(1876, 627, 171, 0, 0, '2019-04-07 00:19:54', '2019-04-07 00:19:54', NULL),
(1877, 627, 172, 0, 0, '2019-04-07 00:19:54', '2019-04-07 00:19:54', NULL),
(1878, 627, 173, 0, 0, '2019-04-07 00:19:54', '2019-04-07 00:19:54', NULL),
(1879, 627, 276, 0, 0, '2019-04-07 00:19:54', '2019-04-07 00:19:54', NULL),
(1880, 627, 277, 0, 0, '2019-04-07 00:19:54', '2019-04-07 00:19:54', NULL),
(1881, 627, 278, 0, 0, '2019-04-07 00:19:54', '2019-04-07 00:19:54', NULL),
(1882, 627, 279, 0, 0, '2019-04-07 00:19:54', '2019-04-07 00:19:54', NULL),
(1883, 627, 280, 0, 0, '2019-04-07 00:19:54', '2019-04-07 00:19:54', NULL),
(1884, 627, 281, 0, 0, '2019-04-07 00:19:54', '2019-04-07 00:19:54', NULL),
(1885, 627, 282, 0, 0, '2019-04-07 00:19:54', '2019-04-07 00:19:54', NULL),
(1886, 627, 283, 0, 0, '2019-04-07 00:19:54', '2019-04-07 00:19:54', NULL),
(1887, 627, 284, 0, 0, '2019-04-07 00:19:54', '2019-04-07 00:19:54', NULL),
(1888, 627, 285, 0, 0, '2019-04-07 00:19:54', '2019-04-07 00:19:54', NULL),
(1889, 627, 286, 0, 0, '2019-04-07 00:19:54', '2019-04-07 00:19:54', NULL),
(1890, 627, 287, 0, 0, '2019-04-07 00:19:54', '2019-04-07 00:19:54', NULL),
(1891, 627, 395, 0, 0, '2019-04-07 00:19:54', '2019-04-07 00:19:54', NULL),
(1892, 627, 396, 0, 0, '2019-04-07 00:19:54', '2019-04-07 00:19:54', NULL),
(1893, 627, 397, 0, 0, '2019-04-07 00:19:54', '2019-04-07 00:19:54', NULL),
(1894, 627, 398, 0, 0, '2019-04-07 00:19:54', '2019-04-07 00:19:54', NULL),
(1895, 627, 399, 0, 0, '2019-04-07 00:19:54', '2019-04-07 00:19:54', NULL),
(1896, 627, 55, 0, 0, '2019-04-07 00:19:55', '2019-04-07 00:19:55', NULL),
(1897, 627, 56, 0, 0, '2019-04-07 00:19:55', '2019-04-07 00:19:55', NULL),
(1898, 627, 57, 0, 0, '2019-04-07 00:19:55', '2019-04-07 00:19:55', NULL),
(1899, 627, 58, 0, 0, '2019-04-07 00:19:55', '2019-04-07 00:19:55', NULL),
(1900, 627, 59, 0, 0, '2019-04-07 00:19:55', '2019-04-07 00:19:55', NULL),
(1901, 627, 60, 0, 0, '2019-04-07 00:19:55', '2019-04-07 00:19:55', NULL),
(1902, 627, 61, 0, 0, '2019-04-07 00:19:55', '2019-04-07 00:19:55', NULL),
(1903, 627, 62, 0, 0, '2019-04-07 00:19:55', '2019-04-07 00:19:55', NULL),
(1904, 627, 174, 0, 0, '2019-04-07 00:19:55', '2019-04-07 00:19:55', NULL),
(1905, 627, 175, 0, 0, '2019-04-07 00:19:55', '2019-04-07 00:19:55', NULL),
(1906, 627, 176, 0, 0, '2019-04-07 00:19:55', '2019-04-07 00:19:55', NULL),
(1907, 627, 177, 0, 0, '2019-04-07 00:19:55', '2019-04-07 00:19:55', NULL),
(1908, 627, 178, 0, 0, '2019-04-07 00:19:55', '2019-04-07 00:19:55', NULL),
(1909, 627, 179, 0, 0, '2019-04-07 00:19:55', '2019-04-07 00:19:55', NULL),
(1910, 627, 180, 0, 0, '2019-04-07 00:19:55', '2019-04-07 00:19:55', NULL),
(1911, 627, 181, 0, 0, '2019-04-07 00:19:55', '2019-04-07 00:19:55', NULL),
(1912, 627, 288, 0, 0, '2019-04-07 00:19:55', '2019-04-07 00:19:55', NULL),
(1913, 627, 289, 0, 0, '2019-04-07 00:19:55', '2019-04-07 00:19:55', NULL),
(1914, 627, 290, 0, 0, '2019-04-07 00:19:55', '2019-04-07 00:19:55', NULL),
(1915, 627, 291, 0, 0, '2019-04-07 00:19:55', '2019-04-07 00:19:55', NULL),
(1916, 627, 292, 0, 0, '2019-04-07 00:19:55', '2019-04-07 00:19:55', NULL),
(1917, 627, 293, 0, 0, '2019-04-07 00:19:55', '2019-04-07 00:19:55', NULL),
(1918, 627, 294, 0, 0, '2019-04-07 00:19:55', '2019-04-07 00:19:55', NULL),
(1919, 627, 295, 0, 0, '2019-04-07 00:19:55', '2019-04-07 00:19:55', NULL),
(1920, 627, 296, 0, 0, '2019-04-07 00:19:55', '2019-04-07 00:19:55', NULL),
(1921, 627, 297, 0, 0, '2019-04-07 00:19:56', '2019-04-07 00:19:56', NULL),
(1922, 627, 400, 0, 0, '2019-04-07 00:19:56', '2019-04-07 00:19:56', NULL),
(1923, 627, 401, 0, 0, '2019-04-07 00:19:56', '2019-04-07 00:19:56', NULL),
(1924, 627, 402, 0, 0, '2019-04-07 00:19:56', '2019-04-07 00:19:56', NULL),
(1925, 627, 403, 0, 0, '2019-04-07 00:19:56', '2019-04-07 00:19:56', NULL),
(1926, 627, 63, 0, 0, '2019-04-07 00:19:56', '2019-04-07 00:19:56', NULL),
(1927, 627, 64, 0, 0, '2019-04-07 00:19:56', '2019-04-07 00:19:56', NULL),
(1928, 627, 65, 0, 0, '2019-04-07 00:19:56', '2019-04-07 00:19:56', NULL),
(1929, 627, 66, 0, 0, '2019-04-07 00:19:56', '2019-04-07 00:19:56', NULL),
(1930, 627, 67, 0, 0, '2019-04-07 00:19:56', '2019-04-07 00:19:56', NULL),
(1931, 627, 68, 0, 0, '2019-04-07 00:19:56', '2019-04-07 00:19:56', NULL),
(1932, 627, 69, 0, 0, '2019-04-07 00:19:56', '2019-04-07 00:19:56', NULL),
(1933, 627, 70, 0, 0, '2019-04-07 00:19:56', '2019-04-07 00:19:56', NULL),
(1934, 627, 71, 0, 0, '2019-04-07 00:19:56', '2019-04-07 00:19:56', NULL),
(1935, 627, 182, 0, 0, '2019-04-07 00:19:56', '2019-04-07 00:19:56', NULL),
(1936, 627, 183, 0, 0, '2019-04-07 00:19:56', '2019-04-07 00:19:56', NULL),
(1937, 627, 184, 0, 0, '2019-04-07 00:19:56', '2019-04-07 00:19:56', NULL),
(1938, 627, 185, 0, 0, '2019-04-07 00:19:56', '2019-04-07 00:19:56', NULL),
(1939, 627, 186, 0, 0, '2019-04-07 00:19:56', '2019-04-07 00:19:56', NULL),
(1940, 627, 298, 0, 0, '2019-04-07 00:19:56', '2019-04-07 00:19:56', NULL),
(1941, 627, 299, 0, 0, '2019-04-07 00:19:56', '2019-04-07 00:19:56', NULL),
(1942, 627, 300, 0, 0, '2019-04-07 00:19:56', '2019-04-07 00:19:56', NULL),
(1943, 627, 301, 0, 0, '2019-04-07 00:19:56', '2019-04-07 00:19:56', NULL),
(1944, 627, 302, 0, 0, '2019-04-07 00:19:56', '2019-04-07 00:19:56', NULL),
(1945, 627, 303, 0, 0, '2019-04-07 00:19:57', '2019-04-07 00:19:57', NULL),
(1946, 627, 304, 0, 0, '2019-04-07 00:19:57', '2019-04-07 00:19:57', NULL),
(1947, 627, 305, 0, 0, '2019-04-07 00:19:57', '2019-04-07 00:19:57', NULL),
(1948, 627, 306, 0, 0, '2019-04-07 00:19:57', '2019-04-07 00:19:57', NULL),
(1949, 627, 307, 0, 0, '2019-04-07 00:19:57', '2019-04-07 00:19:57', NULL),
(1950, 627, 308, 0, 0, '2019-04-07 00:19:57', '2019-04-07 00:19:57', NULL),
(1951, 627, 309, 0, 0, '2019-04-07 00:19:57', '2019-04-07 00:19:57', NULL),
(1952, 627, 404, 0, 0, '2019-04-07 00:19:57', '2019-04-07 00:19:57', NULL),
(1953, 627, 405, 0, 0, '2019-04-07 00:19:57', '2019-04-07 00:19:57', NULL),
(1954, 627, 406, 0, 0, '2019-04-07 00:19:57', '2019-04-07 00:19:57', NULL),
(1955, 627, 407, 0, 0, '2019-04-07 00:19:57', '2019-04-07 00:19:57', NULL),
(1956, 627, 408, 0, 0, '2019-04-07 00:19:57', '2019-04-07 00:19:57', NULL),
(1957, 627, 72, 0, 0, '2019-04-07 00:19:57', '2019-04-07 00:19:57', NULL),
(1958, 627, 73, 0, 0, '2019-04-07 00:19:57', '2019-04-07 00:19:57', NULL),
(1959, 627, 74, 0, 0, '2019-04-07 00:19:57', '2019-04-07 00:19:57', NULL),
(1960, 627, 75, 0, 0, '2019-04-07 00:19:57', '2019-04-07 00:19:57', NULL),
(1961, 627, 76, 0, 0, '2019-04-07 00:19:57', '2019-04-07 00:19:57', NULL),
(1962, 627, 77, 0, 0, '2019-04-07 00:19:57', '2019-04-07 00:19:57', NULL),
(1963, 627, 78, 0, 0, '2019-04-07 00:19:57', '2019-04-07 00:19:57', NULL),
(1964, 627, 79, 0, 0, '2019-04-07 00:19:57', '2019-04-07 00:19:57', NULL),
(1965, 627, 80, 0, 0, '2019-04-07 00:19:57', '2019-04-07 00:19:57', NULL),
(1966, 627, 187, 0, 0, '2019-04-07 00:19:57', '2019-04-07 00:19:57', NULL),
(1967, 627, 188, 0, 0, '2019-04-07 00:19:57', '2019-04-07 00:19:57', NULL),
(1968, 627, 189, 0, 0, '2019-04-07 00:19:57', '2019-04-07 00:19:57', NULL),
(1969, 627, 190, 0, 0, '2019-04-07 00:19:57', '2019-04-07 00:19:57', NULL),
(1970, 627, 191, 0, 0, '2019-04-07 00:19:57', '2019-04-07 00:19:57', NULL),
(1971, 627, 192, 0, 0, '2019-04-07 00:19:58', '2019-04-07 00:19:58', NULL),
(1972, 627, 310, 0, 0, '2019-04-07 00:19:58', '2019-04-07 00:19:58', NULL),
(1973, 627, 311, 0, 0, '2019-04-07 00:19:58', '2019-04-07 00:19:58', NULL),
(1974, 627, 312, 0, 0, '2019-04-07 00:19:58', '2019-04-07 00:19:58', NULL),
(1975, 627, 313, 0, 0, '2019-04-07 00:19:58', '2019-04-07 00:19:58', NULL),
(1976, 627, 314, 0, 0, '2019-04-07 00:19:58', '2019-04-07 00:19:58', NULL),
(1977, 627, 315, 0, 0, '2019-04-07 00:19:58', '2019-04-07 00:19:58', NULL),
(1978, 627, 316, 0, 0, '2019-04-07 00:19:58', '2019-04-07 00:19:58', NULL),
(1979, 627, 317, 0, 0, '2019-04-07 00:19:58', '2019-04-07 00:19:58', NULL),
(1980, 627, 318, 0, 0, '2019-04-07 00:19:58', '2019-04-07 00:19:58', NULL),
(1981, 627, 319, 0, 0, '2019-04-07 00:19:58', '2019-04-07 00:19:58', NULL),
(1982, 627, 320, 0, 0, '2019-04-07 00:19:58', '2019-04-07 00:19:58', NULL),
(1983, 627, 321, 0, 0, '2019-04-07 00:19:58', '2019-04-07 00:19:58', NULL),
(1984, 627, 409, 0, 0, '2019-04-07 00:19:58', '2019-04-07 00:19:58', NULL),
(1985, 627, 410, 0, 0, '2019-04-07 00:19:58', '2019-04-07 00:19:58', NULL),
(1986, 627, 411, 0, 0, '2019-04-07 00:19:58', '2019-04-07 00:19:58', NULL),
(1987, 627, 412, 0, 0, '2019-04-07 00:19:58', '2019-04-07 00:19:58', NULL),
(1988, 627, 413, 0, 0, '2019-04-07 00:19:59', '2019-04-07 00:19:59', NULL),
(1989, 627, 414, 0, 0, '2019-04-07 00:19:59', '2019-04-07 00:19:59', NULL),
(1990, 627, 88, 1, 0, '2019-04-07 00:19:59', '2019-04-07 00:19:59', NULL),
(1991, 627, 89, 0, 0, '2019-04-07 00:19:59', '2019-04-07 00:19:59', NULL),
(1992, 627, 90, 0, 0, '2019-04-07 00:19:59', '2019-04-07 00:19:59', NULL),
(1993, 627, 91, 0, 0, '2019-04-07 00:19:59', '2019-04-07 00:19:59', NULL),
(1994, 627, 92, 0, 0, '2019-04-07 00:19:59', '2019-04-07 00:19:59', NULL),
(1995, 627, 93, 0, 0, '2019-04-07 00:19:59', '2019-04-07 00:19:59', NULL),
(1996, 627, 94, 0, 0, '2019-04-07 00:19:59', '2019-04-07 00:19:59', NULL),
(1997, 627, 95, 0, 0, '2019-04-07 00:19:59', '2019-04-07 00:19:59', NULL),
(1998, 627, 96, 0, 0, '2019-04-07 00:19:59', '2019-04-07 00:19:59', NULL),
(1999, 627, 195, 0, 0, '2019-04-07 00:19:59', '2019-04-07 00:19:59', NULL),
(2000, 627, 196, 0, 0, '2019-04-07 00:19:59', '2019-04-07 00:19:59', NULL),
(2001, 627, 197, 0, 0, '2019-04-07 00:19:59', '2019-04-07 00:19:59', NULL),
(2002, 627, 198, 0, 0, '2019-04-07 00:19:59', '2019-04-07 00:19:59', NULL),
(2003, 627, 199, 0, 0, '2019-04-07 00:19:59', '2019-04-07 00:19:59', NULL),
(2004, 627, 200, 0, 0, '2019-04-07 00:19:59', '2019-04-07 00:19:59', NULL),
(2005, 627, 201, 0, 0, '2019-04-07 00:19:59', '2019-04-07 00:19:59', NULL),
(2006, 627, 202, 0, 0, '2019-04-07 00:19:59', '2019-04-07 00:19:59', NULL),
(2007, 627, 322, 0, 0, '2019-04-07 00:19:59', '2019-04-07 00:19:59', NULL),
(2008, 627, 323, 0, 0, '2019-04-07 00:19:59', '2019-04-07 00:19:59', NULL),
(2009, 627, 324, 0, 0, '2019-04-07 00:19:59', '2019-04-07 00:19:59', NULL),
(2010, 627, 325, 0, 0, '2019-04-07 00:19:59', '2019-04-07 00:19:59', NULL),
(2011, 627, 326, 0, 0, '2019-04-07 00:20:00', '2019-04-07 00:20:00', NULL),
(2012, 627, 327, 0, 0, '2019-04-07 00:20:00', '2019-04-07 00:20:00', NULL),
(2013, 627, 328, 0, 0, '2019-04-07 00:20:00', '2019-04-07 00:20:00', NULL),
(2014, 627, 329, 0, 0, '2019-04-07 00:20:00', '2019-04-07 00:20:00', NULL),
(2015, 627, 330, 0, 0, '2019-04-07 00:20:00', '2019-04-07 00:20:00', NULL),
(2016, 627, 331, 0, 0, '2019-04-07 00:20:00', '2019-04-07 00:20:00', NULL),
(2017, 627, 332, 0, 0, '2019-04-07 00:20:00', '2019-04-07 00:20:00', NULL),
(2018, 627, 333, 0, 0, '2019-04-07 00:20:00', '2019-04-07 00:20:00', NULL),
(2019, 627, 415, 0, 0, '2019-04-07 00:20:00', '2019-04-07 00:20:00', NULL),
(2020, 627, 416, 0, 0, '2019-04-07 00:20:00', '2019-04-07 00:20:00', NULL),
(2021, 627, 417, 0, 0, '2019-04-07 00:20:00', '2019-04-07 00:20:00', NULL),
(2022, 627, 418, 0, 0, '2019-04-07 00:20:00', '2019-04-07 00:20:00', NULL),
(2023, 627, 419, 0, 0, '2019-04-07 00:20:00', '2019-04-07 00:20:00', NULL),
(2024, 627, 420, 0, 0, '2019-04-07 00:20:00', '2019-04-07 00:20:00', NULL),
(2025, 627, 97, 31, 0, '2019-04-07 00:20:00', '2019-04-07 00:20:00', NULL),
(2026, 627, 98, 0, 0, '2019-04-07 00:20:00', '2019-04-07 00:20:00', NULL),
(2027, 627, 99, 0, 0, '2019-04-07 00:20:00', '2019-04-07 00:20:00', NULL),
(2028, 627, 100, 0, 0, '2019-04-07 00:20:00', '2019-04-07 00:20:00', NULL),
(2029, 627, 101, 0, 0, '2019-04-07 00:20:00', '2019-04-07 00:20:00', NULL),
(2030, 627, 102, 0, 0, '2019-04-07 00:20:00', '2019-04-07 00:20:00', NULL),
(2031, 627, 103, 0, 0, '2019-04-07 00:20:00', '2019-04-07 00:20:00', NULL),
(2032, 627, 104, 0, 0, '2019-04-07 00:20:00', '2019-04-07 00:20:00', NULL),
(2033, 627, 105, 0, 0, '2019-04-07 00:20:00', '2019-04-07 00:20:00', NULL),
(2034, 627, 203, 0, 0, '2019-04-07 00:20:00', '2019-04-07 00:20:00', NULL),
(2035, 627, 204, 0, 0, '2019-04-07 00:20:01', '2019-04-07 00:20:01', NULL),
(2036, 627, 205, 0, 0, '2019-04-07 00:20:01', '2019-04-07 00:20:01', NULL),
(2037, 627, 206, 0, 0, '2019-04-07 00:20:01', '2019-04-07 00:20:01', NULL),
(2038, 627, 207, 0, 0, '2019-04-07 00:20:01', '2019-04-07 00:20:01', NULL),
(2039, 627, 208, 0, 0, '2019-04-07 00:20:01', '2019-04-07 00:20:01', NULL),
(2040, 627, 209, 0, 0, '2019-04-07 00:20:01', '2019-04-07 00:20:01', NULL),
(2041, 627, 210, 0, 0, '2019-04-07 00:20:01', '2019-04-07 00:20:01', NULL),
(2042, 627, 334, 0, 0, '2019-04-07 00:20:01', '2019-04-07 00:20:01', NULL),
(2043, 627, 335, 0, 0, '2019-04-07 00:20:01', '2019-04-07 00:20:01', NULL),
(2044, 627, 336, 0, 0, '2019-04-07 00:20:01', '2019-04-07 00:20:01', NULL),
(2045, 627, 337, 0, 0, '2019-04-07 00:20:01', '2019-04-07 00:20:01', NULL),
(2046, 627, 338, 0, 0, '2019-04-07 00:20:01', '2019-04-07 00:20:01', NULL),
(2047, 627, 339, 0, 0, '2019-04-07 00:20:01', '2019-04-07 00:20:01', NULL),
(2048, 627, 340, 0, 0, '2019-04-07 00:20:01', '2019-04-07 00:20:01', NULL),
(2049, 627, 341, 0, 0, '2019-04-07 00:20:01', '2019-04-07 00:20:01', NULL),
(2050, 627, 342, 0, 0, '2019-04-07 00:20:01', '2019-04-07 00:20:01', NULL),
(2051, 627, 343, 0, 0, '2019-04-07 00:20:01', '2019-04-07 00:20:01', NULL),
(2052, 627, 344, 0, 0, '2019-04-07 00:20:01', '2019-04-07 00:20:01', NULL),
(2053, 627, 345, 0, 0, '2019-04-07 00:20:01', '2019-04-07 00:20:01', NULL),
(2054, 627, 421, 0, 0, '2019-04-07 00:20:01', '2019-04-07 00:20:01', NULL),
(2055, 627, 422, 0, 0, '2019-04-07 00:20:01', '2019-04-07 00:20:01', NULL),
(2056, 627, 423, 0, 0, '2019-04-07 00:20:01', '2019-04-07 00:20:01', NULL),
(2057, 627, 424, 0, 0, '2019-04-07 00:20:01', '2019-04-07 00:20:01', NULL),
(2058, 627, 425, 0, 0, '2019-04-07 00:20:01', '2019-04-07 00:20:01', NULL),
(2059, 627, 106, 0, 0, '2019-04-07 00:20:01', '2019-04-07 00:20:01', NULL),
(2060, 627, 107, 0, 0, '2019-04-07 00:20:01', '2019-04-07 00:20:01', NULL),
(2061, 627, 108, 0, 0, '2019-04-07 00:20:01', '2019-04-07 00:20:01', NULL),
(2062, 627, 109, 0, 0, '2019-04-07 00:20:01', '2019-04-07 00:20:01', NULL),
(2063, 627, 110, 0, 0, '2019-04-07 00:20:01', '2019-04-07 00:20:01', NULL),
(2064, 627, 111, 0, 0, '2019-04-07 00:20:01', '2019-04-07 00:20:01', NULL),
(2065, 627, 112, 0, 0, '2019-04-07 00:20:02', '2019-04-07 00:20:02', NULL),
(2066, 627, 113, 0, 0, '2019-04-07 00:20:02', '2019-04-07 00:20:02', NULL),
(2067, 627, 114, 0, 0, '2019-04-07 00:20:02', '2019-04-07 00:20:02', NULL),
(2068, 627, 211, 0, 0, '2019-04-07 00:20:02', '2019-04-07 00:20:02', NULL),
(2069, 627, 212, 0, 0, '2019-04-07 00:20:02', '2019-04-07 00:20:02', NULL),
(2070, 627, 213, 0, 0, '2019-04-07 00:20:02', '2019-04-07 00:20:02', NULL),
(2071, 627, 214, 0, 0, '2019-04-07 00:20:02', '2019-04-07 00:20:02', NULL),
(2072, 627, 215, 0, 0, '2019-04-07 00:20:02', '2019-04-07 00:20:02', NULL),
(2073, 627, 216, 0, 0, '2019-04-07 00:20:02', '2019-04-07 00:20:02', NULL),
(2074, 627, 217, 0, 0, '2019-04-07 00:20:02', '2019-04-07 00:20:02', NULL),
(2075, 627, 218, 0, 0, '2019-04-07 00:20:02', '2019-04-07 00:20:02', NULL),
(2076, 627, 346, 0, 0, '2019-04-07 00:20:02', '2019-04-07 00:20:02', NULL),
(2077, 627, 347, 0, 0, '2019-04-07 00:20:02', '2019-04-07 00:20:02', NULL),
(2078, 627, 348, 0, 0, '2019-04-07 00:20:02', '2019-04-07 00:20:02', NULL),
(2079, 627, 349, 0, 0, '2019-04-07 00:20:02', '2019-04-07 00:20:02', NULL),
(2080, 627, 350, 0, 0, '2019-04-07 00:20:02', '2019-04-07 00:20:02', NULL),
(2081, 627, 351, 0, 0, '2019-04-07 00:20:02', '2019-04-07 00:20:02', NULL),
(2082, 627, 352, 0, 0, '2019-04-07 00:20:02', '2019-04-07 00:20:02', NULL),
(2083, 627, 353, 0, 0, '2019-04-07 00:20:02', '2019-04-07 00:20:02', NULL),
(2084, 627, 354, 0, 0, '2019-04-07 00:20:02', '2019-04-07 00:20:02', NULL),
(2085, 627, 355, 0, 0, '2019-04-07 00:20:02', '2019-04-07 00:20:02', NULL),
(2086, 627, 356, 0, 0, '2019-04-07 00:20:02', '2019-04-07 00:20:02', NULL),
(2087, 627, 357, 0, 0, '2019-04-07 00:20:02', '2019-04-07 00:20:02', NULL),
(2088, 627, 426, 0, 0, '2019-04-07 00:20:02', '2019-04-07 00:20:02', NULL),
(2089, 627, 427, 0, 0, '2019-04-07 00:20:02', '2019-04-07 00:20:02', NULL),
(2090, 627, 428, 0, 0, '2019-04-07 00:20:02', '2019-04-07 00:20:02', NULL),
(2091, 627, 429, 0, 0, '2019-04-07 00:20:03', '2019-04-07 00:20:03', NULL),
(2092, 627, 430, 0, 0, '2019-04-07 00:20:03', '2019-04-07 00:20:03', NULL),
(2093, 627, 431, 0, 0, '2019-04-07 00:20:03', '2019-04-07 00:20:03', NULL),
(2094, 627, 115, 0, 0, '2019-04-07 00:20:03', '2019-04-07 00:20:03', NULL),
(2095, 627, 116, 0, 0, '2019-04-07 00:20:03', '2019-04-07 00:20:03', NULL),
(2096, 627, 117, 0, 0, '2019-04-07 00:20:03', '2019-04-07 00:20:03', NULL),
(2097, 627, 118, 0, 0, '2019-04-07 00:20:03', '2019-04-07 00:20:03', NULL),
(2098, 627, 119, 0, 0, '2019-04-07 00:20:03', '2019-04-07 00:20:03', NULL),
(2099, 627, 120, 0, 0, '2019-04-07 00:20:03', '2019-04-07 00:20:03', NULL),
(2100, 627, 121, 0, 0, '2019-04-07 00:20:03', '2019-04-07 00:20:03', NULL),
(2101, 627, 122, 0, 0, '2019-04-07 00:20:03', '2019-04-07 00:20:03', NULL),
(2102, 627, 123, 0, 0, '2019-04-07 00:20:03', '2019-04-07 00:20:03', NULL),
(2103, 627, 219, 0, 0, '2019-04-07 00:20:03', '2019-04-07 00:20:03', NULL),
(2104, 627, 220, 0, 0, '2019-04-07 00:20:03', '2019-04-07 00:20:03', NULL),
(2105, 627, 358, 0, 0, '2019-04-07 00:20:03', '2019-04-07 00:20:03', NULL),
(2106, 627, 359, 0, 0, '2019-04-07 00:20:03', '2019-04-07 00:20:03', NULL),
(2107, 627, 360, 0, 0, '2019-04-07 00:20:03', '2019-04-07 00:20:03', NULL),
(2108, 627, 361, 0, 0, '2019-04-07 00:20:03', '2019-04-07 00:20:03', NULL),
(2109, 627, 362, 0, 0, '2019-04-07 00:20:03', '2019-04-07 00:20:03', NULL),
(2110, 627, 363, 0, 0, '2019-04-07 00:20:03', '2019-04-07 00:20:03', NULL),
(2111, 627, 364, 0, 0, '2019-04-07 00:20:03', '2019-04-07 00:20:03', NULL),
(2112, 627, 365, 0, 0, '2019-04-07 00:20:03', '2019-04-07 00:20:03', NULL),
(2113, 627, 366, 0, 0, '2019-04-07 00:20:03', '2019-04-07 00:20:03', NULL),
(2114, 627, 432, 0, 0, '2019-04-07 00:20:03', '2019-04-07 00:20:03', NULL),
(2115, 627, 433, 0, 0, '2019-04-07 00:20:03', '2019-04-07 00:20:03', NULL),
(2116, 627, 434, 0, 0, '2019-04-07 00:20:03', '2019-04-07 00:20:03', NULL);

-- --------------------------------------------------------

--
-- Table structure for table `submitted_tps`
--

CREATE TABLE `submitted_tps` (
  `id_tps` int(11) UNSIGNED NOT NULL,
  `created_at` timestamp NOT NULL DEFAULT CURRENT_TIMESTAMP ON UPDATE CURRENT_TIMESTAMP,
  `created_by` int(11) DEFAULT NULL,
  `updated_at` timestamp NULL DEFAULT NULL,
  `updated_by` int(11) DEFAULT NULL
) ENGINE=InnoDB DEFAULT CHARSET=latin1;

--
-- Dumping data for table `submitted_tps`
--

INSERT INTO `submitted_tps` (`id_tps`, `created_at`, `created_by`, `updated_at`, `updated_by`) VALUES
(627, '2019-04-07 00:19:44', NULL, '2019-04-07 00:19:44', NULL);

-- --------------------------------------------------------

--
-- Table structure for table `token`
--

CREATE TABLE `token` (
  `token` varchar(5) NOT NULL,
  `id_tps` int(11) UNSIGNED NOT NULL,
  `hasUsed` tinyint(1) NOT NULL DEFAULT '0',
  `created_at` timestamp NOT NULL DEFAULT CURRENT_TIMESTAMP ON UPDATE CURRENT_TIMESTAMP,
  `updated_at` timestamp NOT NULL DEFAULT '0000-00-00 00:00:00'
) ENGINE=InnoDB DEFAULT CHARSET=latin1;

--
-- Dumping data for table `token`
--

INSERT INTO `token` (`token`, `id_tps`, `hasUsed`, `created_at`, `updated_at`) VALUES
('04cyt', 627, 1, '2019-04-07 07:18:53', '2019-04-07 00:18:53'),
('0aSMF', 322, 1, '2019-04-07 07:08:22', '2019-04-07 00:08:22'),
('0Dqd6', 824, 0, '2019-04-06 21:36:47', '2019-04-06 21:36:47'),
('0drmq', 21, 0, '2019-04-06 21:36:16', '2019-04-06 21:36:16'),
('0dZ7G', 912, 0, '2019-04-06 21:36:51', '2019-04-06 21:36:51'),
('0FPGr', 757, 0, '2019-04-06 21:36:44', '2019-04-06 21:36:44'),
('0fpyx', 431, 0, '2019-04-06 21:36:32', '2019-04-06 21:36:32'),
('0glnw', 146, 0, '2019-04-06 21:36:20', '2019-04-06 21:36:20'),
('0Gy6f', 274, 0, '2019-04-06 21:36:25', '2019-04-06 21:36:25'),
('0hzXN', 413, 0, '2019-04-06 21:36:31', '2019-04-06 21:36:31'),
('0jegI', 579, 0, '2019-04-06 21:36:37', '2019-04-06 21:36:37'),
('0P0Jb', 784, 0, '2019-04-06 21:36:45', '2019-04-06 21:36:45'),
('0ygMG', 710, 0, '2019-04-06 21:36:43', '2019-04-06 21:36:43'),
('0yQeE', 873, 0, '2019-04-06 21:36:49', '2019-04-06 21:36:49'),
('0zgA4', 791, 0, '2019-04-06 21:36:46', '2019-04-06 21:36:46'),
('1635n', 47, 0, '2019-04-06 21:36:17', '2019-04-06 21:36:17'),
('17vSL', 268, 0, '2019-04-06 21:36:25', '2019-04-06 21:36:25'),
('19BaZ', 944, 0, '2019-04-06 21:36:53', '2019-04-06 21:36:53'),
('1BWtg', 493, 0, '2019-04-06 21:36:34', '2019-04-06 21:36:34'),
('1eklq', 276, 0, '2019-04-06 21:36:25', '2019-04-06 21:36:25'),
('1Ft02', 142, 0, '2019-04-06 21:36:20', '2019-04-06 21:36:20'),
('1IRfR', 38, 0, '2019-04-06 21:36:16', '2019-04-06 21:36:16'),
('1ItGx', 286, 0, '2019-04-06 21:36:26', '2019-04-06 21:36:26'),
('1JEkn', 138, 0, '2019-04-06 21:36:20', '2019-04-06 21:36:20'),
('1mKX5', 686, 0, '2019-04-06 21:36:41', '2019-04-06 21:36:41'),
('1MXln', 222, 0, '2019-04-06 21:36:23', '2019-04-06 21:36:23'),
('1UUIr', 736, 0, '2019-04-06 21:36:44', '2019-04-06 21:36:44'),
('1xedr', 100, 0, '2019-04-06 21:36:19', '2019-04-06 21:36:19'),
('1Z7FA', 402, 0, '2019-04-06 21:36:30', '2019-04-06 21:36:30'),
('21ZgO', 161, 0, '2019-04-06 21:36:21', '2019-04-06 21:36:21'),
('279Qc', 481, 0, '2019-04-06 21:36:33', '2019-04-06 21:36:33'),
('2a7JW', 592, 0, '2019-04-06 21:36:38', '2019-04-06 21:36:38'),
('2aVzA', 647, 0, '2019-04-06 21:36:40', '2019-04-06 21:36:40'),
('2blBO', 220, 0, '2019-04-06 21:36:23', '2019-04-06 21:36:23'),
('2C6DE', 815, 0, '2019-04-06 21:36:47', '2019-04-06 21:36:47'),
('2cw3F', 879, 0, '2019-04-06 21:36:50', '2019-04-06 21:36:50'),
('2ecp5', 949, 0, '2019-04-06 21:36:53', '2019-04-06 21:36:53'),
('2gbu2', 147, 0, '2019-04-06 21:36:20', '2019-04-06 21:36:20'),
('2GiCq', 28, 0, '2019-04-06 21:36:16', '2019-04-06 21:36:16'),
('2i8dn', 983, 0, '2019-04-06 21:36:55', '2019-04-06 21:36:55'),
('2kjPH', 774, 0, '2019-04-06 21:36:45', '2019-04-06 21:36:45'),
('2ldh4', 593, 0, '2019-04-06 21:36:38', '2019-04-06 21:36:38'),
('2LWXH', 828, 0, '2019-04-06 21:36:47', '2019-04-06 21:36:47'),
('2O1wP', 700, 0, '2019-04-06 21:36:42', '2019-04-06 21:36:42'),
('2osNv', 997, 0, '2019-04-06 21:36:55', '2019-04-06 21:36:55'),
('2qpZM', 473, 0, '2019-04-06 21:36:33', '2019-04-06 21:36:33'),
('2t1It', 715, 0, '2019-04-06 21:36:43', '2019-04-06 21:36:43'),
('2tuXl', 491, 0, '2019-04-06 21:36:34', '2019-04-06 21:36:34'),
('2TXop', 1012, 0, '2019-04-06 21:36:56', '2019-04-06 21:36:56'),
('2Varc', 602, 0, '2019-04-06 21:36:38', '2019-04-06 21:36:38'),
('2vhUH', 6, 0, '2019-04-06 21:36:15', '2019-04-06 21:36:15'),
('2wQ5z', 535, 0, '2019-04-06 21:36:36', '2019-04-06 21:36:36'),
('37xzZ', 907, 0, '2019-04-06 21:36:51', '2019-04-06 21:36:51'),
('3bIOV', 766, 0, '2019-04-06 21:36:45', '2019-04-06 21:36:45'),
('3cmXU', 918, 0, '2019-04-06 21:36:51', '2019-04-06 21:36:51'),
('3FeFt', 154, 0, '2019-04-06 21:36:20', '2019-04-06 21:36:20'),
('3kBCI', 946, 0, '2019-04-06 21:36:53', '2019-04-06 21:36:53'),
('3kZPi', 316, 0, '2019-04-06 21:36:27', '2019-04-06 21:36:27'),
('3lToo', 728, 0, '2019-04-06 21:36:43', '2019-04-06 21:36:43'),
('3mrus', 278, 0, '2019-04-06 21:36:25', '2019-04-06 21:36:25'),
('3q5aq', 82, 0, '2019-04-06 21:36:18', '2019-04-06 21:36:18'),
('3QBWh', 49, 0, '2019-04-06 21:36:17', '2019-04-06 21:36:17'),
('3uQlB', 532, 0, '2019-04-06 21:36:35', '2019-04-06 21:36:35'),
('3WsSh', 80, 0, '2019-04-06 21:36:18', '2019-04-06 21:36:18'),
('3XntS', 199, 0, '2019-04-06 21:36:22', '2019-04-06 21:36:22'),
('3xRTV', 114, 0, '2019-04-06 21:36:19', '2019-04-06 21:36:19'),
('3XYnc', 562, 0, '2019-04-06 21:36:37', '2019-04-06 21:36:37'),
('3Xzu0', 922, 0, '2019-04-06 21:36:51', '2019-04-06 21:36:51'),
('47va4', 36, 0, '2019-04-06 21:36:16', '2019-04-06 21:36:16'),
('4ct7c', 733, 0, '2019-04-06 21:36:43', '2019-04-06 21:36:43'),
('4gclA', 173, 0, '2019-04-06 21:36:21', '2019-04-06 21:36:21'),
('4i86T', 12, 0, '2019-04-06 21:36:15', '2019-04-06 21:36:15'),
('4KLYY', 428, 0, '2019-04-06 21:36:31', '2019-04-06 21:36:31'),
('4oIRL', 414, 0, '2019-04-06 21:36:31', '2019-04-06 21:36:31'),
('4wYHt', 982, 0, '2019-04-06 21:36:54', '2019-04-06 21:36:54'),
('528Or', 68, 0, '2019-04-06 21:36:18', '2019-04-06 21:36:18'),
('5Aujk', 420, 0, '2019-04-06 21:36:31', '2019-04-06 21:36:31'),
('5bejS', 675, 0, '2019-04-06 21:36:41', '2019-04-06 21:36:41'),
('5EfzG', 986, 0, '2019-04-06 21:36:55', '2019-04-06 21:36:55'),
('5eTj8', 326, 0, '2019-04-06 21:36:27', '2019-04-06 21:36:27'),
('5fANY', 878, 0, '2019-04-06 21:36:50', '2019-04-06 21:36:50'),
('5fzOs', 185, 0, '2019-04-06 21:36:21', '2019-04-06 21:36:21'),
('5gN6W', 630, 0, '2019-04-06 21:36:39', '2019-04-06 21:36:39'),
('5I7qy', 279, 0, '2019-04-06 21:36:25', '2019-04-06 21:36:25'),
('5kkGU', 548, 0, '2019-04-06 21:36:36', '2019-04-06 21:36:36'),
('5P2I8', 148, 0, '2019-04-06 21:36:20', '2019-04-06 21:36:20'),
('5PAnP', 611, 0, '2019-04-06 21:36:38', '2019-04-06 21:36:38'),
('5plI2', 653, 0, '2019-04-06 21:36:40', '2019-04-06 21:36:40'),
('5rDx9', 210, 0, '2019-04-06 21:36:22', '2019-04-06 21:36:22'),
('5Tbne', 829, 0, '2019-04-06 21:36:47', '2019-04-06 21:36:47'),
('5YTxV', 760, 0, '2019-04-06 21:36:45', '2019-04-06 21:36:45'),
('5zULk', 280, 0, '2019-04-06 21:36:25', '2019-04-06 21:36:25'),
('61loR', 489, 0, '2019-04-06 21:36:34', '2019-04-06 21:36:34'),
('6244T', 267, 0, '2019-04-06 21:36:25', '2019-04-06 21:36:25'),
('63p8v', 342, 0, '2019-04-06 21:36:28', '2019-04-06 21:36:28'),
('66Cm0', 554, 0, '2019-04-06 21:36:36', '2019-04-06 21:36:36'),
('66oEi', 705, 0, '2019-04-06 21:36:42', '2019-04-06 21:36:42'),
('6BySO', 762, 0, '2019-04-06 21:36:45', '2019-04-06 21:36:45'),
('6c3VN', 868, 0, '2019-04-06 21:36:49', '2019-04-06 21:36:49'),
('6DlUl', 863, 0, '2019-04-06 21:36:49', '2019-04-06 21:36:49'),
('6eU47', 478, 0, '2019-04-06 21:36:33', '2019-04-06 21:36:33'),
('6gjIk', 126, 0, '2019-04-06 21:36:19', '2019-04-06 21:36:19'),
('6i9pr', 726, 0, '2019-04-06 21:36:43', '2019-04-06 21:36:43'),
('6lYjL', 23, 0, '2019-04-06 21:36:16', '2019-04-06 21:36:16'),
('6QBZ1', 851, 0, '2019-04-06 21:36:48', '2019-04-06 21:36:48'),
('6QumG', 947, 0, '2019-04-06 21:36:53', '2019-04-06 21:36:53'),
('6tsBv', 79, 0, '2019-04-06 21:36:18', '2019-04-06 21:36:18'),
('6TxnA', 605, 0, '2019-04-06 21:36:38', '2019-04-06 21:36:38'),
('6U0Zj', 797, 0, '2019-04-06 21:36:46', '2019-04-06 21:36:46'),
('6xx7t', 174, 0, '2019-04-06 21:36:21', '2019-04-06 21:36:21'),
('6Zfvg', 544, 0, '2019-04-06 21:36:36', '2019-04-06 21:36:36'),
('70eDx', 966, 0, '2019-04-06 21:36:54', '2019-04-06 21:36:54'),
('70t76', 430, 0, '2019-04-06 21:36:32', '2019-04-06 21:36:32'),
('751lq', 742, 0, '2019-04-06 21:36:44', '2019-04-06 21:36:44'),
('7E79k', 921, 0, '2019-04-06 21:36:51', '2019-04-06 21:36:51'),
('7GuNG', 253, 0, '2019-04-06 21:36:24', '2019-04-06 21:36:24'),
('7HPe7', 259, 0, '2019-04-06 21:36:25', '2019-04-06 21:36:25'),
('7JC8l', 105, 0, '2019-04-06 21:36:19', '2019-04-06 21:36:19'),
('7l8rs', 53, 0, '2019-04-06 21:36:17', '2019-04-06 21:36:17'),
('7NIjp', 302, 0, '2019-04-06 21:36:26', '2019-04-06 21:36:26'),
('7rucD', 795, 0, '2019-04-06 21:36:46', '2019-04-06 21:36:46'),
('7S7br', 169, 0, '2019-04-06 21:36:21', '2019-04-06 21:36:21'),
('7yCwv', 899, 0, '2019-04-06 21:36:51', '2019-04-06 21:36:51'),
('7yDlM', 694, 0, '2019-04-06 21:36:42', '2019-04-06 21:36:42'),
('7z1tt', 84, 0, '2019-04-06 21:36:18', '2019-04-06 21:36:18'),
('80d8p', 723, 0, '2019-04-06 21:36:43', '2019-04-06 21:36:43'),
('80uzm', 937, 0, '2019-04-06 21:36:52', '2019-04-06 21:36:52'),
('84Qy3', 959, 0, '2019-04-06 21:36:54', '2019-04-06 21:36:54'),
('862Eo', 324, 0, '2019-04-06 21:36:27', '2019-04-06 21:36:27'),
('8A1zx', 782, 0, '2019-04-06 21:36:45', '2019-04-06 21:36:45'),
('8Cpei', 556, 0, '2019-04-06 21:36:37', '2019-04-06 21:36:37'),
('8g347', 639, 0, '2019-04-06 21:36:39', '2019-04-06 21:36:39'),
('8gWCY', 870, 0, '2019-04-06 21:36:49', '2019-04-06 21:36:49'),
('8jm7t', 642, 0, '2019-04-06 21:36:40', '2019-04-06 21:36:40'),
('8kdUZ', 942, 0, '2019-04-06 21:36:53', '2019-04-06 21:36:53'),
('8p9H6', 303, 0, '2019-04-06 21:36:26', '2019-04-06 21:36:26'),
('8sKGk', 569, 0, '2019-04-06 21:36:37', '2019-04-06 21:36:37'),
('97e3K', 109, 0, '2019-04-06 21:36:19', '2019-04-06 21:36:19'),
('99Yaj', 977, 0, '2019-04-06 21:36:54', '2019-04-06 21:36:54'),
('99ZGu', 164, 0, '2019-04-06 21:36:21', '2019-04-06 21:36:21'),
('9AsCY', 162, 0, '2019-04-06 21:36:21', '2019-04-06 21:36:21'),
('9aUU4', 543, 0, '2019-04-06 21:36:36', '2019-04-06 21:36:36'),
('9EL0d', 985, 0, '2019-04-06 21:36:55', '2019-04-06 21:36:55'),
('9Er33', 291, 0, '2019-04-06 21:36:26', '2019-04-06 21:36:26'),
('9HepW', 896, 0, '2019-04-06 21:36:50', '2019-04-06 21:36:50'),
('9iimI', 131, 0, '2019-04-06 21:36:19', '2019-04-06 21:36:19'),
('9iRhY', 540, 0, '2019-04-06 21:36:36', '2019-04-06 21:36:36'),
('9l0uu', 72, 0, '2019-04-06 21:36:18', '2019-04-06 21:36:18'),
('9LmcP', 954, 0, '2019-04-06 21:36:53', '2019-04-06 21:36:53'),
('9OYFD', 549, 0, '2019-04-06 21:36:36', '2019-04-06 21:36:36'),
('9S5A1', 902, 0, '2019-04-06 21:36:51', '2019-04-06 21:36:51'),
('9tDtf', 704, 0, '2019-04-06 21:36:42', '2019-04-06 21:36:42'),
('9XIzm', 484, 0, '2019-04-06 21:36:34', '2019-04-06 21:36:34'),
('9xyIS', 176, 0, '2019-04-06 21:36:21', '2019-04-06 21:36:21'),
('9YB7v', 404, 0, '2019-04-06 21:36:31', '2019-04-06 21:36:31'),
('9zEss', 718, 0, '2019-04-06 21:36:43', '2019-04-06 21:36:43'),
('a0fgL', 166, 0, '2019-04-06 21:36:21', '2019-04-06 21:36:21'),
('a0wGI', 486, 0, '2019-04-06 21:36:34', '2019-04-06 21:36:34'),
('A4oUc', 427, 0, '2019-04-06 21:36:31', '2019-04-06 21:36:31'),
('a4xqZ', 272, 0, '2019-04-06 21:36:25', '2019-04-06 21:36:25'),
('A6Wgi', 144, 0, '2019-04-06 21:36:20', '2019-04-06 21:36:20'),
('AaX2M', 124, 0, '2019-04-06 21:36:19', '2019-04-06 21:36:19'),
('abWgi', 987, 0, '2019-04-06 21:36:55', '2019-04-06 21:36:55'),
('ACnUk', 938, 0, '2019-04-06 21:36:53', '2019-04-06 21:36:53'),
('AD95N', 15, 0, '2019-04-06 21:36:16', '2019-04-06 21:36:16'),
('Adjz3', 346, 0, '2019-04-06 21:36:28', '2019-04-06 21:36:28'),
('aDPZ7', 1005, 0, '2019-04-06 21:36:55', '2019-04-06 21:36:55'),
('AE7pU', 416, 0, '2019-04-06 21:36:31', '2019-04-06 21:36:31'),
('Af0PR', 358, 0, '2019-04-06 21:36:29', '2019-04-06 21:36:29'),
('af8wk', 737, 0, '2019-04-06 21:36:44', '2019-04-06 21:36:44'),
('AftUa', 457, 0, '2019-04-06 21:36:33', '2019-04-06 21:36:33'),
('AgBjW', 553, 0, '2019-04-06 21:36:36', '2019-04-06 21:36:36'),
('AiD1A', 781, 0, '2019-04-06 21:36:45', '2019-04-06 21:36:45'),
('aIPXH', 981, 0, '2019-04-06 21:36:54', '2019-04-06 21:36:54'),
('aJrRt', 186, 0, '2019-04-06 21:36:22', '2019-04-06 21:36:22'),
('AKJU2', 957, 0, '2019-04-06 21:36:54', '2019-04-06 21:36:54'),
('aleeb', 536, 0, '2019-04-06 21:36:36', '2019-04-06 21:36:36'),
('AMC4o', 243, 0, '2019-04-06 21:36:24', '2019-04-06 21:36:24'),
('AmEfP', 696, 0, '2019-04-06 21:36:42', '2019-04-06 21:36:42'),
('AMf0z', 1001, 0, '2019-04-06 21:36:55', '2019-04-06 21:36:55'),
('ANb07', 494, 0, '2019-04-06 21:36:34', '2019-04-06 21:36:34'),
('As1Ue', 527, 0, '2019-04-06 21:36:35', '2019-04-06 21:36:35'),
('asHAs', 721, 0, '2019-04-06 21:36:43', '2019-04-06 21:36:43'),
('ATgSp', 769, 0, '2019-04-06 21:36:45', '2019-04-06 21:36:45'),
('atlhC', 993, 0, '2019-04-06 21:36:55', '2019-04-06 21:36:55'),
('AueeR', 516, 0, '2019-04-06 21:36:35', '2019-04-06 21:36:35'),
('AWV73', 803, 0, '2019-04-06 21:36:46', '2019-04-06 21:36:46'),
('aYeal', 205, 0, '2019-04-06 21:36:22', '2019-04-06 21:36:22'),
('AYxOi', 672, 0, '2019-04-06 21:36:41', '2019-04-06 21:36:41'),
('azIwp', 522, 0, '2019-04-06 21:36:35', '2019-04-06 21:36:35'),
('b4Y8x', 711, 0, '2019-04-06 21:36:43', '2019-04-06 21:36:43'),
('b86xR', 965, 0, '2019-04-06 21:36:54', '2019-04-06 21:36:54'),
('B8GbT', 285, 0, '2019-04-06 21:36:26', '2019-04-06 21:36:26'),
('B8Ju9', 134, 0, '2019-04-06 21:36:19', '2019-04-06 21:36:19'),
('bAOeY', 953, 0, '2019-04-06 21:36:53', '2019-04-06 21:36:53'),
('bazyP', 822, 0, '2019-04-06 21:36:47', '2019-04-06 21:36:47'),
('bceCv', 360, 0, '2019-04-06 21:36:29', '2019-04-06 21:36:29'),
('bCPRY', 974, 0, '2019-04-06 21:36:54', '2019-04-06 21:36:54'),
('BEBEK', 751, 0, '2019-04-06 21:36:44', '2019-04-06 21:36:44'),
('BeSom', 881, 0, '2019-04-06 21:36:50', '2019-04-06 21:36:50'),
('BIeLB', 419, 0, '2019-04-06 21:36:31', '2019-04-06 21:36:31'),
('BJ9gw', 261, 0, '2019-04-06 21:36:25', '2019-04-06 21:36:25'),
('BJjYh', 801, 0, '2019-04-06 21:36:46', '2019-04-06 21:36:46'),
('bKaW9', 361, 0, '2019-04-06 21:36:29', '2019-04-06 21:36:29'),
('Blq44', 802, 0, '2019-04-06 21:36:46', '2019-04-06 21:36:46'),
('BMQNH', 423, 0, '2019-04-06 21:36:31', '2019-04-06 21:36:31'),
('bN5OW', 269, 0, '2019-04-06 21:36:25', '2019-04-06 21:36:25'),
('bNIwX', 444, 0, '2019-04-06 21:36:32', '2019-04-06 21:36:32'),
('Bo6JN', 644, 0, '2019-04-06 21:36:40', '2019-04-06 21:36:40'),
('BQ2yW', 81, 0, '2019-04-06 21:36:18', '2019-04-06 21:36:18'),
('bqYmh', 441, 0, '2019-04-06 21:36:32', '2019-04-06 21:36:32'),
('bsJIS', 393, 0, '2019-04-06 21:36:30', '2019-04-06 21:36:30'),
('bt8ic', 328, 0, '2019-04-06 21:36:27', '2019-04-06 21:36:27'),
('BtEQG', 970, 0, '2019-04-06 21:36:54', '2019-04-06 21:36:54'),
('bVdu4', 676, 0, '2019-04-06 21:36:41', '2019-04-06 21:36:41'),
('bvoEk', 574, 0, '2019-04-06 21:36:37', '2019-04-06 21:36:37'),
('BxJLF', 716, 0, '2019-04-06 21:36:43', '2019-04-06 21:36:43'),
('bXM1f', 1010, 0, '2019-04-06 21:36:56', '2019-04-06 21:36:56'),
('bxsTR', 228, 0, '2019-04-06 21:36:23', '2019-04-06 21:36:23'),
('bY0E8', 374, 0, '2019-04-06 21:36:29', '2019-04-06 21:36:29'),
('C5FRy', 573, 0, '2019-04-06 21:36:37', '2019-04-06 21:36:37'),
('C7aPd', 832, 0, '2019-04-06 21:36:48', '2019-04-06 21:36:48'),
('c7YlN', 1006, 0, '2019-04-06 21:36:55', '2019-04-06 21:36:55'),
('c8WJv', 412, 0, '2019-04-06 21:36:31', '2019-04-06 21:36:31'),
('cDEJk', 78, 0, '2019-04-06 21:36:18', '2019-04-06 21:36:18'),
('cE4yR', 300, 0, '2019-04-06 21:36:26', '2019-04-06 21:36:26'),
('CFRfU', 405, 0, '2019-04-06 21:36:31', '2019-04-06 21:36:31'),
('CghVG', 735, 0, '2019-04-06 21:36:44', '2019-04-06 21:36:44'),
('Cgv77', 70, 0, '2019-04-06 21:36:18', '2019-04-06 21:36:18'),
('ChmbS', 756, 0, '2019-04-06 21:36:44', '2019-04-06 21:36:44'),
('cIckJ', 546, 0, '2019-04-06 21:36:36', '2019-04-06 21:36:36'),
('ciS79', 368, 0, '2019-04-06 21:36:29', '2019-04-06 21:36:29'),
('CjFhW', 159, 0, '2019-04-06 21:36:20', '2019-04-06 21:36:20'),
('CjtG9', 747, 0, '2019-04-06 21:36:44', '2019-04-06 21:36:44'),
('Cko4h', 331, 0, '2019-04-06 21:36:28', '2019-04-06 21:36:28'),
('cKWDK', 64, 0, '2019-04-06 21:36:18', '2019-04-06 21:36:18'),
('cLe0r', 443, 0, '2019-04-06 21:36:32', '2019-04-06 21:36:32'),
('cOAtu', 1011, 0, '2019-04-06 21:36:56', '2019-04-06 21:36:56'),
('cOJ8b', 731, 0, '2019-04-06 21:36:43', '2019-04-06 21:36:43'),
('cqJzy', 3, 0, '2019-04-06 21:36:15', '2019-04-06 21:36:15'),
('crdAM', 805, 0, '2019-04-06 21:36:46', '2019-04-06 21:36:46'),
('cRfye', 401, 0, '2019-04-06 21:36:30', '2019-04-06 21:36:30'),
('Crj5E', 920, 0, '2019-04-06 21:36:51', '2019-04-06 21:36:51'),
('CsBO8', 366, 0, '2019-04-06 21:36:29', '2019-04-06 21:36:29'),
('CvxDB', 275, 0, '2019-04-06 21:36:25', '2019-04-06 21:36:25'),
('CY5OC', 153, 0, '2019-04-06 21:36:20', '2019-04-06 21:36:20'),
('cyXEG', 520, 0, '2019-04-06 21:36:35', '2019-04-06 21:36:35'),
('czkhd', 524, 0, '2019-04-06 21:36:35', '2019-04-06 21:36:35'),
('D0JRp', 709, 0, '2019-04-06 21:36:42', '2019-04-06 21:36:42'),
('D13wf', 461, 0, '2019-04-06 21:36:33', '2019-04-06 21:36:33'),
('d5GA4', 66, 0, '2019-04-06 21:36:18', '2019-04-06 21:36:18'),
('D6yFJ', 137, 0, '2019-04-06 21:36:20', '2019-04-06 21:36:20'),
('d71aR', 604, 0, '2019-04-06 21:36:38', '2019-04-06 21:36:38'),
('d8sxV', 488, 0, '2019-04-06 21:36:34', '2019-04-06 21:36:34'),
('DBhkH', 439, 0, '2019-04-06 21:36:32', '2019-04-06 21:36:32'),
('dbsN9', 786, 0, '2019-04-06 21:36:46', '2019-04-06 21:36:46'),
('Dcdf2', 640, 0, '2019-04-06 21:36:39', '2019-04-06 21:36:39'),
('DcPVX', 22, 0, '2019-04-06 21:36:16', '2019-04-06 21:36:16'),
('dCy6N', 445, 0, '2019-04-06 21:36:32', '2019-04-06 21:36:32'),
('DekaE', 296, 0, '2019-04-06 21:36:26', '2019-04-06 21:36:26'),
('DeTZh', 641, 0, '2019-04-06 21:36:40', '2019-04-06 21:36:40'),
('DG0Sj', 764, 0, '2019-04-06 21:36:45', '2019-04-06 21:36:45'),
('dGD1B', 976, 0, '2019-04-06 21:36:54', '2019-04-06 21:36:54'),
('DgvQ1', 467, 0, '2019-04-06 21:36:33', '2019-04-06 21:36:33'),
('DHrzW', 241, 0, '2019-04-06 21:36:24', '2019-04-06 21:36:24'),
('DIPCt', 603, 0, '2019-04-06 21:36:38', '2019-04-06 21:36:38'),
('diQgE', 293, 0, '2019-04-06 21:36:26', '2019-04-06 21:36:26'),
('DKbgi', 480, 0, '2019-04-06 21:36:33', '2019-04-06 21:36:33'),
('dkInJ', 833, 0, '2019-04-06 21:36:48', '2019-04-06 21:36:48'),
('DkNDp', 329, 0, '2019-04-06 21:36:28', '2019-04-06 21:36:28'),
('dL6rf', 570, 0, '2019-04-06 21:36:37', '2019-04-06 21:36:37'),
('dM55Y', 265, 0, '2019-04-06 21:36:25', '2019-04-06 21:36:25'),
('dN3xz', 449, 0, '2019-04-06 21:36:32', '2019-04-06 21:36:32'),
('dnJWU', 679, 0, '2019-04-06 21:36:41', '2019-04-06 21:36:41'),
('dqWc3', 808, 0, '2019-04-06 21:36:46', '2019-04-06 21:36:46'),
('Du4n0', 301, 0, '2019-04-06 21:36:26', '2019-04-06 21:36:26'),
('dVSUc', 865, 0, '2019-04-06 21:36:49', '2019-04-06 21:36:49'),
('dWKWE', 448, 0, '2019-04-06 21:36:32', '2019-04-06 21:36:32'),
('dxRMh', 620, 0, '2019-04-06 21:36:39', '2019-04-06 21:36:39'),
('dYh8p', 666, 0, '2019-04-06 21:36:41', '2019-04-06 21:36:41'),
('dYUEY', 453, 0, '2019-04-06 21:36:32', '2019-04-06 21:36:32'),
('dZhCe', 629, 0, '2019-04-06 21:36:39', '2019-04-06 21:36:39'),
('E0oKG', 29, 0, '2019-04-06 21:36:16', '2019-04-06 21:36:16'),
('e5TVr', 582, 0, '2019-04-06 21:36:37', '2019-04-06 21:36:37'),
('e7A2A', 750, 0, '2019-04-06 21:36:44', '2019-04-06 21:36:44'),
('e9epr', 534, 0, '2019-04-06 21:36:36', '2019-04-06 21:36:36'),
('e9Sru', 181, 0, '2019-04-06 21:36:21', '2019-04-06 21:36:21'),
('EB9ID', 340, 0, '2019-04-06 21:36:28', '2019-04-06 21:36:28'),
('EbsmW', 650, 0, '2019-04-06 21:36:40', '2019-04-06 21:36:40'),
('EBuQJ', 197, 0, '2019-04-06 21:36:22', '2019-04-06 21:36:22'),
('EBvJR', 99, 0, '2019-04-06 21:36:19', '2019-04-06 21:36:19'),
('EDIoZ', 386, 0, '2019-04-06 21:36:30', '2019-04-06 21:36:30'),
('eF8kN', 89, 0, '2019-04-06 21:36:18', '2019-04-06 21:36:18'),
('eFctC', 637, 0, '2019-04-06 21:36:39', '2019-04-06 21:36:39'),
('EFFm4', 349, 0, '2019-04-06 21:36:28', '2019-04-06 21:36:28'),
('EFgBC', 214, 0, '2019-04-06 21:36:23', '2019-04-06 21:36:23'),
('EfiJQ', 347, 0, '2019-04-06 21:36:28', '2019-04-06 21:36:28'),
('EfuvQ', 538, 0, '2019-04-06 21:36:36', '2019-04-06 21:36:36'),
('EFWNm', 708, 0, '2019-04-06 21:36:42', '2019-04-06 21:36:42'),
('EGrpX', 512, 0, '2019-04-06 21:36:35', '2019-04-06 21:36:35'),
('EHJ5w', 201, 0, '2019-04-06 21:36:22', '2019-04-06 21:36:22'),
('eiHFo', 35, 0, '2019-04-06 21:36:16', '2019-04-06 21:36:16'),
('El396', 283, 0, '2019-04-06 21:36:26', '2019-04-06 21:36:26'),
('ElCAv', 132, 0, '2019-04-06 21:36:19', '2019-04-06 21:36:19'),
('EM5mq', 339, 0, '2019-04-06 21:36:28', '2019-04-06 21:36:28'),
('eN5eU', 634, 0, '2019-04-06 21:36:39', '2019-04-06 21:36:39'),
('eNeDs', 685, 0, '2019-04-06 21:36:41', '2019-04-06 21:36:41'),
('ENh5R', 348, 0, '2019-04-06 21:36:28', '2019-04-06 21:36:28'),
('EnIoB', 698, 0, '2019-04-06 21:36:42', '2019-04-06 21:36:42'),
('ErHhG', 776, 0, '2019-04-06 21:36:45', '2019-04-06 21:36:45'),
('ErybW', 790, 0, '2019-04-06 21:36:46', '2019-04-06 21:36:46'),
('es1d0', 719, 0, '2019-04-06 21:36:43', '2019-04-06 21:36:43'),
('es6P0', 669, 0, '2019-04-06 21:36:41', '2019-04-06 21:36:41'),
('EsImt', 821, 0, '2019-04-06 21:36:47', '2019-04-06 21:36:47'),
('ESjAQ', 702, 0, '2019-04-06 21:36:42', '2019-04-06 21:36:42'),
('EsqvA', 591, 0, '2019-04-06 21:36:38', '2019-04-06 21:36:38'),
('etfhW', 575, 0, '2019-04-06 21:36:37', '2019-04-06 21:36:37'),
('etHr6', 217, 0, '2019-04-06 21:36:23', '2019-04-06 21:36:23'),
('EUfWO', 864, 0, '2019-04-06 21:36:49', '2019-04-06 21:36:49'),
('EUvzz', 682, 0, '2019-04-06 21:36:41', '2019-04-06 21:36:41'),
('ewDBm', 88, 0, '2019-04-06 21:36:18', '2019-04-06 21:36:18'),
('ExBn7', 75, 0, '2019-04-06 21:36:18', '2019-04-06 21:36:18'),
('ExKb2', 11, 0, '2019-04-06 21:36:15', '2019-04-06 21:36:15'),
('eyR0t', 102, 0, '2019-04-06 21:36:19', '2019-04-06 21:36:19'),
('EzEnP', 149, 0, '2019-04-06 21:36:20', '2019-04-06 21:36:20'),
('f17Uu', 353, 0, '2019-04-06 21:36:29', '2019-04-06 21:36:29'),
('f1AMx', 589, 0, '2019-04-06 21:36:38', '2019-04-06 21:36:38'),
('F1TEP', 246, 0, '2019-04-06 21:36:24', '2019-04-06 21:36:24'),
('f2z6q', 237, 0, '2019-04-06 21:36:24', '2019-04-06 21:36:24'),
('F4vy4', 739, 0, '2019-04-06 21:36:44', '2019-04-06 21:36:44'),
('F8FMv', 727, 0, '2019-04-06 21:36:43', '2019-04-06 21:36:43'),
('fBLO8', 960, 0, '2019-04-06 21:36:54', '2019-04-06 21:36:54'),
('FBsOq', 880, 0, '2019-04-06 21:36:50', '2019-04-06 21:36:50'),
('FD4dO', 25, 0, '2019-04-06 21:36:16', '2019-04-06 21:36:16'),
('FEGOe', 59, 0, '2019-04-06 21:36:17', '2019-04-06 21:36:17'),
('feLnG', 460, 0, '2019-04-06 21:36:33', '2019-04-06 21:36:33'),
('ff47i', 116, 0, '2019-04-06 21:36:19', '2019-04-06 21:36:19'),
('ffCXi', 614, 0, '2019-04-06 21:36:38', '2019-04-06 21:36:38'),
('Fk6Xf', 789, 0, '2019-04-06 21:36:46', '2019-04-06 21:36:46'),
('FKeWa', 198, 0, '2019-04-06 21:36:22', '2019-04-06 21:36:22'),
('FllwB', 1015, 0, '2019-04-06 21:36:56', '2019-04-06 21:36:56'),
('FlyMB', 509, 0, '2019-04-06 21:36:35', '2019-04-06 21:36:35'),
('FMc1P', 583, 0, '2019-04-06 21:36:37', '2019-04-06 21:36:37'),
('fMuKb', 558, 0, '2019-04-06 21:36:37', '2019-04-06 21:36:37'),
('fn7Yn', 606, 0, '2019-04-06 21:36:38', '2019-04-06 21:36:38'),
('Fnauc', 188, 0, '2019-04-06 21:36:22', '2019-04-06 21:36:22'),
('fNAvH', 613, 0, '2019-04-06 21:36:38', '2019-04-06 21:36:38'),
('FOCGV', 251, 0, '2019-04-06 21:36:24', '2019-04-06 21:36:24'),
('fohpj', 897, 0, '2019-04-06 21:36:51', '2019-04-06 21:36:51'),
('FPBGu', 150, 0, '2019-04-06 21:36:20', '2019-04-06 21:36:20'),
('FqTRg', 967, 0, '2019-04-06 21:36:54', '2019-04-06 21:36:54'),
('fR8aV', 542, 0, '2019-04-06 21:36:36', '2019-04-06 21:36:36'),
('FrgEG', 697, 0, '2019-04-06 21:36:42', '2019-04-06 21:36:42'),
('fRoJY', 934, 0, '2019-04-06 21:36:52', '2019-04-06 21:36:52'),
('FRpMV', 408, 0, '2019-04-06 21:36:31', '2019-04-06 21:36:31'),
('FSiCn', 707, 0, '2019-04-06 21:36:42', '2019-04-06 21:36:42'),
('fSJhe', 315, 0, '2019-04-06 21:36:27', '2019-04-06 21:36:27'),
('FSnwG', 928, 0, '2019-04-06 21:36:52', '2019-04-06 21:36:52'),
('fSrzJ', 232, 0, '2019-04-06 21:36:24', '2019-04-06 21:36:24'),
('FTg0N', 572, 0, '2019-04-06 21:36:37', '2019-04-06 21:36:37'),
('Fue34', 775, 0, '2019-04-06 21:36:45', '2019-04-06 21:36:45'),
('fW5oR', 121, 0, '2019-04-06 21:36:19', '2019-04-06 21:36:19'),
('fW8j2', 97, 0, '2019-04-06 21:36:19', '2019-04-06 21:36:19'),
('FwsE7', 839, 0, '2019-04-06 21:36:48', '2019-04-06 21:36:48'),
('FwSHj', 373, 0, '2019-04-06 21:36:29', '2019-04-06 21:36:29'),
('fXPun', 309, 0, '2019-04-06 21:36:27', '2019-04-06 21:36:27'),
('Fyqzm', 370, 0, '2019-04-06 21:36:29', '2019-04-06 21:36:29'),
('FYYfQ', 663, 0, '2019-04-06 21:36:40', '2019-04-06 21:36:40'),
('G27ff', 440, 0, '2019-04-06 21:36:32', '2019-04-06 21:36:32'),
('G2X4g', 816, 0, '2019-04-06 21:36:47', '2019-04-06 21:36:47'),
('G87r0', 894, 0, '2019-04-06 21:36:50', '2019-04-06 21:36:50'),
('g9qvO', 422, 0, '2019-04-06 21:36:31', '2019-04-06 21:36:31'),
('GaKEm', 962, 0, '2019-04-06 21:36:54', '2019-04-06 21:36:54'),
('gANOi', 193, 0, '2019-04-06 21:36:22', '2019-04-06 21:36:22'),
('GATu1', 610, 0, '2019-04-06 21:36:38', '2019-04-06 21:36:38'),
('gbAsh', 399, 0, '2019-04-06 21:36:30', '2019-04-06 21:36:30'),
('GbNu3', 468, 0, '2019-04-06 21:36:33', '2019-04-06 21:36:33'),
('gdfQB', 160, 0, '2019-04-06 21:36:20', '2019-04-06 21:36:20'),
('gEkhd', 571, 0, '2019-04-06 21:36:37', '2019-04-06 21:36:37'),
('ghAhv', 108, 0, '2019-04-06 21:36:19', '2019-04-06 21:36:19'),
('GHCWY', 973, 0, '2019-04-06 21:36:54', '2019-04-06 21:36:54'),
('gHec5', 665, 0, '2019-04-06 21:36:40', '2019-04-06 21:36:40'),
('giXBi', 355, 0, '2019-04-06 21:36:29', '2019-04-06 21:36:29'),
('GJNSG', 817, 0, '2019-04-06 21:36:47', '2019-04-06 21:36:47'),
('GJy6B', 208, 0, '2019-04-06 21:36:22', '2019-04-06 21:36:22'),
('gk4VK', 54, 0, '2019-04-06 21:36:17', '2019-04-06 21:36:17'),
('gltWw', 841, 0, '2019-04-06 21:36:48', '2019-04-06 21:36:48'),
('gLWaD', 752, 0, '2019-04-06 21:36:44', '2019-04-06 21:36:44'),
('gQAoN', 1, 0, '2019-04-06 21:36:15', '2019-04-06 21:36:15'),
('GtgFN', 984, 0, '2019-04-06 21:36:55', '2019-04-06 21:36:55'),
('gVXC9', 693, 0, '2019-04-06 21:36:42', '2019-04-06 21:36:42'),
('gW6qO', 216, 0, '2019-04-06 21:36:23', '2019-04-06 21:36:23'),
('gXhHI', 759, 0, '2019-04-06 21:36:45', '2019-04-06 21:36:45'),
('gxPFn', 503, 0, '2019-04-06 21:36:34', '2019-04-06 21:36:34'),
('GyH9D', 717, 0, '2019-04-06 21:36:43', '2019-04-06 21:36:43'),
('GzpYU', 862, 0, '2019-04-06 21:36:49', '2019-04-06 21:36:49'),
('gZWeE', 289, 0, '2019-04-06 21:36:26', '2019-04-06 21:36:26'),
('H0HEU', 673, 0, '2019-04-06 21:36:41', '2019-04-06 21:36:41'),
('H5o9i', 231, 0, '2019-04-06 21:36:23', '2019-04-06 21:36:23'),
('H5Oj2', 362, 0, '2019-04-06 21:36:29', '2019-04-06 21:36:29'),
('H6Ddc', 96, 0, '2019-04-06 21:36:18', '2019-04-06 21:36:18'),
('H7lG9', 950, 0, '2019-04-06 21:36:53', '2019-04-06 21:36:53'),
('HBYmJ', 479, 0, '2019-04-06 21:36:33', '2019-04-06 21:36:33'),
('hdogJ', 392, 0, '2019-04-06 21:36:30', '2019-04-06 21:36:30'),
('HEBfT', 842, 0, '2019-04-06 21:36:48', '2019-04-06 21:36:48'),
('HECMK', 877, 0, '2019-04-06 21:36:50', '2019-04-06 21:36:50'),
('HgaR7', 27, 0, '2019-04-06 21:36:16', '2019-04-06 21:36:16'),
('HGxKd', 872, 0, '2019-04-06 21:36:49', '2019-04-06 21:36:49'),
('HheEn', 235, 0, '2019-04-06 21:36:24', '2019-04-06 21:36:24'),
('hIuZR', 384, 0, '2019-04-06 21:36:30', '2019-04-06 21:36:30'),
('HjcxZ', 796, 0, '2019-04-06 21:36:46', '2019-04-06 21:36:46'),
('hjkhT', 378, 0, '2019-04-06 21:36:29', '2019-04-06 21:36:29'),
('HK6k2', 411, 0, '2019-04-06 21:36:31', '2019-04-06 21:36:31'),
('HkAsu', 940, 0, '2019-04-06 21:36:53', '2019-04-06 21:36:53'),
('Hl7Fb', 687, 0, '2019-04-06 21:36:41', '2019-04-06 21:36:41'),
('HlIl0', 770, 0, '2019-04-06 21:36:45', '2019-04-06 21:36:45'),
('HMgIU', 74, 0, '2019-04-06 21:36:18', '2019-04-06 21:36:18'),
('hmiW3', 495, 0, '2019-04-06 21:36:34', '2019-04-06 21:36:34'),
('hpXwd', 658, 0, '2019-04-06 21:36:40', '2019-04-06 21:36:40'),
('Hry1v', 502, 0, '2019-04-06 21:36:34', '2019-04-06 21:36:34'),
('hsSfW', 501, 0, '2019-04-06 21:36:34', '2019-04-06 21:36:34'),
('hSYwK', 939, 0, '2019-04-06 21:36:53', '2019-04-06 21:36:53'),
('huhdz', 244, 0, '2019-04-06 21:36:24', '2019-04-06 21:36:24'),
('hXbcB', 290, 0, '2019-04-06 21:36:26', '2019-04-06 21:36:26'),
('HxkYV', 929, 0, '2019-04-06 21:36:52', '2019-04-06 21:36:52'),
('HxxBr', 861, 0, '2019-04-06 21:36:49', '2019-04-06 21:36:49'),
('hZ2Oz', 695, 0, '2019-04-06 21:36:42', '2019-04-06 21:36:42'),
('HZshG', 652, 0, '2019-04-06 21:36:40', '2019-04-06 21:36:40'),
('I0W1r', 651, 0, '2019-04-06 21:36:40', '2019-04-06 21:36:40'),
('I7nsr', 183, 0, '2019-04-06 21:36:21', '2019-04-06 21:36:21'),
('i8jD3', 955, 0, '2019-04-06 21:36:53', '2019-04-06 21:36:53'),
('I8WlI', 819, 0, '2019-04-06 21:36:47', '2019-04-06 21:36:47'),
('iB6Fk', 607, 0, '2019-04-06 21:36:38', '2019-04-06 21:36:38'),
('IcsKa', 435, 0, '2019-04-06 21:36:32', '2019-04-06 21:36:32'),
('iFUQn', 400, 0, '2019-04-06 21:36:30', '2019-04-06 21:36:30'),
('ig66G', 209, 0, '2019-04-06 21:36:22', '2019-04-06 21:36:22'),
('IGwhN', 319, 0, '2019-04-06 21:36:27', '2019-04-06 21:36:27'),
('IHQLH', 999, 0, '2019-04-06 21:36:55', '2019-04-06 21:36:55'),
('IJrwy', 226, 0, '2019-04-06 21:36:23', '2019-04-06 21:36:23'),
('iONEA', 172, 0, '2019-04-06 21:36:21', '2019-04-06 21:36:21'),
('irS5L', 990, 0, '2019-04-06 21:36:55', '2019-04-06 21:36:55'),
('iS6B8', 820, 0, '2019-04-06 21:36:47', '2019-04-06 21:36:47'),
('ItXuK', 98, 0, '2019-04-06 21:36:19', '2019-04-06 21:36:19'),
('IU8q3', 17, 0, '2019-04-06 21:36:16', '2019-04-06 21:36:16'),
('Iy2vI', 643, 0, '2019-04-06 21:36:40', '2019-04-06 21:36:40'),
('iyAZC', 504, 0, '2019-04-06 21:36:35', '2019-04-06 21:36:35'),
('iyGop', 335, 0, '2019-04-06 21:36:28', '2019-04-06 21:36:28'),
('IzXqt', 564, 0, '2019-04-06 21:36:37', '2019-04-06 21:36:37'),
('J1dal', 281, 0, '2019-04-06 21:36:25', '2019-04-06 21:36:25'),
('j50cC', 483, 0, '2019-04-06 21:36:34', '2019-04-06 21:36:34'),
('J6a5d', 415, 0, '2019-04-06 21:36:31', '2019-04-06 21:36:31'),
('j76OX', 257, 0, '2019-04-06 21:36:24', '2019-04-06 21:36:24'),
('j7OWU', 434, 0, '2019-04-06 21:36:32', '2019-04-06 21:36:32'),
('J7qHy', 615, 0, '2019-04-06 21:36:39', '2019-04-06 21:36:39'),
('Jab9R', 2, 0, '2019-04-06 21:36:15', '2019-04-06 21:36:15'),
('jAdyt', 559, 0, '2019-04-06 21:36:37', '2019-04-06 21:36:37'),
('jAFYE', 225, 0, '2019-04-06 21:36:23', '2019-04-06 21:36:23'),
('JBx8k', 500, 0, '2019-04-06 21:36:34', '2019-04-06 21:36:34'),
('JcifA', 854, 0, '2019-04-06 21:36:49', '2019-04-06 21:36:49'),
('jCjHb', 31, 0, '2019-04-06 21:36:16', '2019-04-06 21:36:16'),
('JCSbD', 398, 0, '2019-04-06 21:36:30', '2019-04-06 21:36:30'),
('jEdeG', 492, 0, '2019-04-06 21:36:34', '2019-04-06 21:36:34'),
('jeQnP', 924, 0, '2019-04-06 21:36:52', '2019-04-06 21:36:52'),
('Jev4S', 860, 0, '2019-04-06 21:36:49', '2019-04-06 21:36:49'),
('JGBXb', 466, 0, '2019-04-06 21:36:33', '2019-04-06 21:36:33'),
('jgbXh', 223, 0, '2019-04-06 21:36:23', '2019-04-06 21:36:23'),
('JgLIj', 625, 0, '2019-04-06 21:36:39', '2019-04-06 21:36:39'),
('jHSjg', 224, 0, '2019-04-06 21:36:23', '2019-04-06 21:36:23'),
('JhZdB', 882, 0, '2019-04-06 21:36:50', '2019-04-06 21:36:50'),
('jI940', 1007, 0, '2019-04-06 21:36:55', '2019-04-06 21:36:55'),
('jIP1t', 636, 0, '2019-04-06 21:36:39', '2019-04-06 21:36:39'),
('jj0uW', 545, 0, '2019-04-06 21:36:36', '2019-04-06 21:36:36'),
('jjLA9', 438, 0, '2019-04-06 21:36:32', '2019-04-06 21:36:32'),
('Jk2es', 831, 0, '2019-04-06 21:36:47', '2019-04-06 21:36:47'),
('Jkg54', 761, 0, '2019-04-06 21:36:45', '2019-04-06 21:36:45'),
('jmcCW', 857, 0, '2019-04-06 21:36:49', '2019-04-06 21:36:49'),
('JmmuW', 617, 0, '2019-04-06 21:36:39', '2019-04-06 21:36:39'),
('jopQx', 145, 0, '2019-04-06 21:36:20', '2019-04-06 21:36:20'),
('JpOHZ', 298, 0, '2019-04-06 21:36:26', '2019-04-06 21:36:26'),
('JRUcs', 177, 0, '2019-04-06 21:36:21', '2019-04-06 21:36:21'),
('Js8cp', 909, 0, '2019-04-06 21:36:51', '2019-04-06 21:36:51'),
('jSNwz', 482, 0, '2019-04-06 21:36:34', '2019-04-06 21:36:34'),
('JtHqx', 352, 0, '2019-04-06 21:36:29', '2019-04-06 21:36:29'),
('Ju4KJ', 476, 0, '2019-04-06 21:36:33', '2019-04-06 21:36:33'),
('Juvog', 720, 0, '2019-04-06 21:36:43', '2019-04-06 21:36:43'),
('jvgFb', 73, 0, '2019-04-06 21:36:18', '2019-04-06 21:36:18'),
('Jvlrt', 895, 0, '2019-04-06 21:36:50', '2019-04-06 21:36:50'),
('jwjN3', 772, 0, '2019-04-06 21:36:45', '2019-04-06 21:36:45'),
('jx4HU', 777, 0, '2019-04-06 21:36:45', '2019-04-06 21:36:45'),
('JxBdR', 856, 0, '2019-04-06 21:36:49', '2019-04-06 21:36:49'),
('jZ0LS', 798, 0, '2019-04-06 21:36:46', '2019-04-06 21:36:46'),
('jZmLr', 295, 0, '2019-04-06 21:36:26', '2019-04-06 21:36:26'),
('jztGP', 875, 0, '2019-04-06 21:36:50', '2019-04-06 21:36:50'),
('JZWs0', 1019, 0, '2019-04-06 21:36:56', '2019-04-06 21:36:56'),
('k3EBV', 369, 0, '2019-04-06 21:36:29', '2019-04-06 21:36:29'),
('K5UKl', 156, 0, '2019-04-06 21:36:20', '2019-04-06 21:36:20'),
('kBWiU', 599, 0, '2019-04-06 21:36:38', '2019-04-06 21:36:38'),
('kc5Je', 910, 0, '2019-04-06 21:36:51', '2019-04-06 21:36:51'),
('KCgiN', 979, 0, '2019-04-06 21:36:54', '2019-04-06 21:36:54'),
('Kdjpq', 887, 0, '2019-04-06 21:36:50', '2019-04-06 21:36:50'),
('kEDAQ', 677, 0, '2019-04-06 21:36:41', '2019-04-06 21:36:41'),
('KJHsU', 746, 0, '2019-04-06 21:36:44', '2019-04-06 21:36:44'),
('KPnBp', 834, 0, '2019-04-06 21:36:48', '2019-04-06 21:36:48'),
('KPPpi', 299, 0, '2019-04-06 21:36:26', '2019-04-06 21:36:26'),
('kqdUm', 297, 0, '2019-04-06 21:36:26', '2019-04-06 21:36:26'),
('kqwT5', 849, 0, '2019-04-06 21:36:48', '2019-04-06 21:36:48'),
('Kr3VP', 465, 0, '2019-04-06 21:36:33', '2019-04-06 21:36:33'),
('KrlmP', 590, 0, '2019-04-06 21:36:38', '2019-04-06 21:36:38'),
('ksYTW', 690, 0, '2019-04-06 21:36:41', '2019-04-06 21:36:41'),
('kTiEX', 288, 0, '2019-04-06 21:36:26', '2019-04-06 21:36:26'),
('kuIjL', 771, 0, '2019-04-06 21:36:45', '2019-04-06 21:36:45'),
('KvZTg', 566, 0, '2019-04-06 21:36:37', '2019-04-06 21:36:37'),
('KX37c', 395, 0, '2019-04-06 21:36:30', '2019-04-06 21:36:30'),
('kXGuA', 83, 0, '2019-04-06 21:36:18', '2019-04-06 21:36:18'),
('kxNd2', 576, 0, '2019-04-06 21:36:37', '2019-04-06 21:36:37'),
('kZC6h', 308, 0, '2019-04-06 21:36:27', '2019-04-06 21:36:27'),
('KZFBk', 568, 0, '2019-04-06 21:36:37', '2019-04-06 21:36:37'),
('L0Z0X', 344, 0, '2019-04-06 21:36:28', '2019-04-06 21:36:28'),
('l3Ijd', 952, 0, '2019-04-06 21:36:53', '2019-04-06 21:36:53'),
('l4ylb', 380, 0, '2019-04-06 21:36:30', '2019-04-06 21:36:30'),
('L6JBd', 245, 0, '2019-04-06 21:36:24', '2019-04-06 21:36:24'),
('l7a59', 85, 0, '2019-04-06 21:36:18', '2019-04-06 21:36:18'),
('L7Sj0', 264, 0, '2019-04-06 21:36:25', '2019-04-06 21:36:25'),
('L8ROl', 595, 0, '2019-04-06 21:36:38', '2019-04-06 21:36:38'),
('la1PT', 597, 0, '2019-04-06 21:36:38', '2019-04-06 21:36:38'),
('LBZSn', 151, 0, '2019-04-06 21:36:20', '2019-04-06 21:36:20'),
('LCD83', 906, 0, '2019-04-06 21:36:51', '2019-04-06 21:36:51'),
('lcten', 655, 0, '2019-04-06 21:36:40', '2019-04-06 21:36:40'),
('ldOiW', 688, 0, '2019-04-06 21:36:41', '2019-04-06 21:36:41'),
('LemkI', 403, 0, '2019-04-06 21:36:30', '2019-04-06 21:36:30'),
('LHF8X', 890, 0, '2019-04-06 21:36:50', '2019-04-06 21:36:50'),
('lhKji', 341, 0, '2019-04-06 21:36:28', '2019-04-06 21:36:28'),
('LiSxf', 357, 0, '2019-04-06 21:36:29', '2019-04-06 21:36:29'),
('lJYmS', 497, 0, '2019-04-06 21:36:34', '2019-04-06 21:36:34'),
('ljzX7', 633, 0, '2019-04-06 21:36:39', '2019-04-06 21:36:39'),
('LLinc', 958, 0, '2019-04-06 21:36:54', '2019-04-06 21:36:54'),
('LMzod', 212, 0, '2019-04-06 21:36:23', '2019-04-06 21:36:23'),
('Lovin', 661, 0, '2019-04-06 21:36:40', '2019-04-06 21:36:40'),
('lOzlN', 968, 0, '2019-04-06 21:36:54', '2019-04-06 21:36:54'),
('LRkax', 706, 0, '2019-04-06 21:36:42', '2019-04-06 21:36:42'),
('LsUpb', 845, 0, '2019-04-06 21:36:48', '2019-04-06 21:36:48'),
('LVRcE', 447, 0, '2019-04-06 21:36:32', '2019-04-06 21:36:32'),
('lVyiP', 608, 0, '2019-04-06 21:36:38', '2019-04-06 21:36:38'),
('lXXBQ', 649, 0, '2019-04-06 21:36:40', '2019-04-06 21:36:40'),
('Ly3sd', 470, 0, '2019-04-06 21:36:33', '2019-04-06 21:36:33'),
('lz8cA', 284, 0, '2019-04-06 21:36:26', '2019-04-06 21:36:26'),
('Lza39', 541, 0, '2019-04-06 21:36:36', '2019-04-06 21:36:36'),
('m0OSv', 180, 0, '2019-04-06 21:36:21', '2019-04-06 21:36:21'),
('m6eG4', 930, 0, '2019-04-06 21:36:52', '2019-04-06 21:36:52'),
('M8FSP', 477, 0, '2019-04-06 21:36:33', '2019-04-06 21:36:33'),
('m8KON', 609, 0, '2019-04-06 21:36:38', '2019-04-06 21:36:38'),
('MB4Tq', 754, 0, '2019-04-06 21:36:44', '2019-04-06 21:36:44'),
('mbylc', 1013, 0, '2019-04-06 21:36:56', '2019-04-06 21:36:56'),
('MdRe3', 1008, 0, '2019-04-06 21:36:55', '2019-04-06 21:36:55'),
('Mef0H', 876, 0, '2019-04-06 21:36:50', '2019-04-06 21:36:50'),
('meUtr', 914, 0, '2019-04-06 21:36:51', '2019-04-06 21:36:51'),
('mGNWE', 765, 0, '2019-04-06 21:36:45', '2019-04-06 21:36:45'),
('Mhl8E', 900, 0, '2019-04-06 21:36:51', '2019-04-06 21:36:51'),
('mIaji', 310, 0, '2019-04-06 21:36:27', '2019-04-06 21:36:27'),
('mJ0Me', 923, 0, '2019-04-06 21:36:52', '2019-04-06 21:36:52'),
('MJBTN', 684, 0, '2019-04-06 21:36:41', '2019-04-06 21:36:41'),
('MjKKN', 136, 0, '2019-04-06 21:36:20', '2019-04-06 21:36:20'),
('MjP01', 287, 0, '2019-04-06 21:36:26', '2019-04-06 21:36:26'),
('mJV4D', 86, 0, '2019-04-06 21:36:18', '2019-04-06 21:36:18'),
('mlSPI', 304, 0, '2019-04-06 21:36:26', '2019-04-06 21:36:26'),
('MmSMz', 683, 0, '2019-04-06 21:36:41', '2019-04-06 21:36:41'),
('mnbP5', 992, 0, '2019-04-06 21:36:55', '2019-04-06 21:36:55'),
('moeTv', 203, 0, '2019-04-06 21:36:22', '2019-04-06 21:36:22'),
('MORvU', 763, 0, '2019-04-06 21:36:45', '2019-04-06 21:36:45'),
('MPPI4', 911, 0, '2019-04-06 21:36:51', '2019-04-06 21:36:51'),
('mpYEr', 678, 0, '2019-04-06 21:36:41', '2019-04-06 21:36:41'),
('mqSRB', 964, 0, '2019-04-06 21:36:54', '2019-04-06 21:36:54'),
('mqVuZ', 835, 0, '2019-04-06 21:36:48', '2019-04-06 21:36:48'),
('mrbLw', 165, 0, '2019-04-06 21:36:21', '2019-04-06 21:36:21'),
('MtAPC', 523, 0, '2019-04-06 21:36:35', '2019-04-06 21:36:35'),
('mtnJf', 969, 0, '2019-04-06 21:36:54', '2019-04-06 21:36:54'),
('mTOd5', 51, 0, '2019-04-06 21:36:17', '2019-04-06 21:36:17'),
('MULdW', 179, 0, '2019-04-06 21:36:21', '2019-04-06 21:36:21'),
('mulIW', 93, 0, '2019-04-06 21:36:18', '2019-04-06 21:36:18'),
('MuOil', 898, 0, '2019-04-06 21:36:51', '2019-04-06 21:36:51'),
('MV8e8', 306, 0, '2019-04-06 21:36:26', '2019-04-06 21:36:26'),
('MvK7x', 991, 0, '2019-04-06 21:36:55', '2019-04-06 21:36:55'),
('mvM0q', 233, 0, '2019-04-06 21:36:24', '2019-04-06 21:36:24'),
('mWKT4', 859, 0, '2019-04-06 21:36:49', '2019-04-06 21:36:49'),
('MXoQS', 943, 0, '2019-04-06 21:36:53', '2019-04-06 21:36:53'),
('MxUCv', 799, 0, '2019-04-06 21:36:46', '2019-04-06 21:36:46'),
('MyI6t', 622, 0, '2019-04-06 21:36:39', '2019-04-06 21:36:39'),
('mzbSo', 812, 0, '2019-04-06 21:36:47', '2019-04-06 21:36:47'),
('MZtwN', 931, 0, '2019-04-06 21:36:52', '2019-04-06 21:36:52'),
('n8zc1', 141, 0, '2019-04-06 21:36:20', '2019-04-06 21:36:20'),
('NA6U5', 748, 0, '2019-04-06 21:36:44', '2019-04-06 21:36:44'),
('nBbOw', 978, 0, '2019-04-06 21:36:54', '2019-04-06 21:36:54'),
('nDsvq', 463, 0, '2019-04-06 21:36:33', '2019-04-06 21:36:33'),
('neTvM', 645, 0, '2019-04-06 21:36:40', '2019-04-06 21:36:40'),
('NhRLw', 741, 0, '2019-04-06 21:36:44', '2019-04-06 21:36:44'),
('nHU60', 525, 0, '2019-04-06 21:36:35', '2019-04-06 21:36:35'),
('nJRUO', 660, 0, '2019-04-06 21:36:40', '2019-04-06 21:36:40'),
('Nk2GL', 277, 0, '2019-04-06 21:36:25', '2019-04-06 21:36:25'),
('NK8MW', 10, 0, '2019-04-06 21:36:15', '2019-04-06 21:36:15'),
('nkirr', 932, 0, '2019-04-06 21:36:52', '2019-04-06 21:36:52'),
('NkjTv', 785, 0, '2019-04-06 21:36:46', '2019-04-06 21:36:46'),
('NKkIj', 533, 0, '2019-04-06 21:36:36', '2019-04-06 21:36:36'),
('nMfCw', 5, 0, '2019-04-06 21:36:15', '2019-04-06 21:36:15'),
('NMgHj', 8, 0, '2019-04-06 21:36:15', '2019-04-06 21:36:15'),
('nnbbk', 551, 0, '2019-04-06 21:36:36', '2019-04-06 21:36:36'),
('NNCpx', 681, 0, '2019-04-06 21:36:41', '2019-04-06 21:36:41'),
('NnNF6', 994, 0, '2019-04-06 21:36:55', '2019-04-06 21:36:55'),
('NNXhs', 552, 0, '2019-04-06 21:36:36', '2019-04-06 21:36:36'),
('nOEtp', 211, 0, '2019-04-06 21:36:22', '2019-04-06 21:36:22'),
('npKZp', 248, 0, '2019-04-06 21:36:24', '2019-04-06 21:36:24'),
('nQo3q', 377, 0, '2019-04-06 21:36:29', '2019-04-06 21:36:29'),
('NSB2B', 917, 0, '2019-04-06 21:36:51', '2019-04-06 21:36:51'),
('nSUzr', 971, 0, '2019-04-06 21:36:54', '2019-04-06 21:36:54'),
('NUSqo', 343, 0, '2019-04-06 21:36:28', '2019-04-06 21:36:28'),
('NXYBW', 806, 0, '2019-04-06 21:36:46', '2019-04-06 21:36:46'),
('nYW08', 874, 0, '2019-04-06 21:36:49', '2019-04-06 21:36:49'),
('NZOog', 376, 0, '2019-04-06 21:36:29', '2019-04-06 21:36:29'),
('o2fdo', 505, 0, '2019-04-06 21:36:35', '2019-04-06 21:36:35'),
('O2P0U', 498, 0, '2019-04-06 21:36:34', '2019-04-06 21:36:34'),
('o4fNk', 189, 0, '2019-04-06 21:36:22', '2019-04-06 21:36:22'),
('OAGU5', 92, 0, '2019-04-06 21:36:18', '2019-04-06 21:36:18'),
('oBnEV', 830, 0, '2019-04-06 21:36:47', '2019-04-06 21:36:47'),
('oboHF', 847, 0, '2019-04-06 21:36:48', '2019-04-06 21:36:48'),
('odl3W', 963, 0, '2019-04-06 21:36:54', '2019-04-06 21:36:54'),
('OeHuJ', 372, 0, '2019-04-06 21:36:29', '2019-04-06 21:36:29'),
('OEiey', 1000, 0, '2019-04-06 21:36:55', '2019-04-06 21:36:55'),
('OEOCA', 667, 0, '2019-04-06 21:36:41', '2019-04-06 21:36:41'),
('OFrg2', 16, 0, '2019-04-06 21:36:16', '2019-04-06 21:36:16'),
('oFrPA', 163, 0, '2019-04-06 21:36:21', '2019-04-06 21:36:21'),
('ofT1x', 638, 0, '2019-04-06 21:36:39', '2019-04-06 21:36:39'),
('OGE5g', 242, 0, '2019-04-06 21:36:24', '2019-04-06 21:36:24'),
('OHgT1', 129, 0, '2019-04-06 21:36:19', '2019-04-06 21:36:19'),
('Oiaey', 827, 0, '2019-04-06 21:36:47', '2019-04-06 21:36:47'),
('oIkIa', 262, 0, '2019-04-06 21:36:25', '2019-04-06 21:36:25'),
('OJleU', 555, 0, '2019-04-06 21:36:36', '2019-04-06 21:36:36'),
('Ok8AM', 618, 0, '2019-04-06 21:36:39', '2019-04-06 21:36:39'),
('okGue', 852, 0, '2019-04-06 21:36:48', '2019-04-06 21:36:48'),
('oKh6V', 191, 0, '2019-04-06 21:36:22', '2019-04-06 21:36:22'),
('OLomB', 450, 0, '2019-04-06 21:36:32', '2019-04-06 21:36:32'),
('Om1Bs', 961, 0, '2019-04-06 21:36:54', '2019-04-06 21:36:54'),
('OMBHS', 621, 0, '2019-04-06 21:36:39', '2019-04-06 21:36:39'),
('OMfhc', 371, 0, '2019-04-06 21:36:29', '2019-04-06 21:36:29'),
('OmoXM', 234, 0, '2019-04-06 21:36:24', '2019-04-06 21:36:24'),
('oNzIg', 513, 0, '2019-04-06 21:36:35', '2019-04-06 21:36:35'),
('oopOB', 311, 0, '2019-04-06 21:36:27', '2019-04-06 21:36:27'),
('oOzur', 836, 0, '2019-04-06 21:36:48', '2019-04-06 21:36:48'),
('OPb6o', 42, 0, '2019-04-06 21:36:17', '2019-04-06 21:36:17'),
('oq8Rf', 206, 0, '2019-04-06 21:36:22', '2019-04-06 21:36:22'),
('OtfIV', 410, 0, '2019-04-06 21:36:31', '2019-04-06 21:36:31'),
('OtsJs', 668, 0, '2019-04-06 21:36:41', '2019-04-06 21:36:41'),
('OuJRF', 793, 0, '2019-04-06 21:36:46', '2019-04-06 21:36:46'),
('oUMvT', 557, 0, '2019-04-06 21:36:37', '2019-04-06 21:36:37'),
('owMcw', 221, 0, '2019-04-06 21:36:23', '2019-04-06 21:36:23'),
('OXjVi', 587, 0, '2019-04-06 21:36:38', '2019-04-06 21:36:38'),
('oXYif', 19, 0, '2019-04-06 21:36:16', '2019-04-06 21:36:16'),
('oz211', 646, 0, '2019-04-06 21:36:40', '2019-04-06 21:36:40'),
('OZesK', 320, 0, '2019-04-06 21:36:27', '2019-04-06 21:36:27'),
('Ozx7e', 317, 0, '2019-04-06 21:36:27', '2019-04-06 21:36:27'),
('P183G', 616, 0, '2019-04-06 21:36:39', '2019-04-06 21:36:39'),
('p2GdJ', 826, 0, '2019-04-06 21:36:47', '2019-04-06 21:36:47'),
('P3ffW', 662, 0, '2019-04-06 21:36:40', '2019-04-06 21:36:40'),
('p4gIE', 396, 0, '2019-04-06 21:36:30', '2019-04-06 21:36:30'),
('p50rB', 196, 0, '2019-04-06 21:36:22', '2019-04-06 21:36:22'),
('p7AKs', 271, 0, '2019-04-06 21:36:25', '2019-04-06 21:36:25'),
('p8qGE', 998, 0, '2019-04-06 21:36:55', '2019-04-06 21:36:55'),
('p8RMy', 125, 0, '2019-04-06 21:36:19', '2019-04-06 21:36:19'),
('PatHv', 886, 0, '2019-04-06 21:36:50', '2019-04-06 21:36:50'),
('PbZ2V', 350, 0, '2019-04-06 21:36:28', '2019-04-06 21:36:28'),
('pc9Vh', 722, 0, '2019-04-06 21:36:43', '2019-04-06 21:36:43'),
('PCbCe', 397, 0, '2019-04-06 21:36:30', '2019-04-06 21:36:30'),
('PDMHo', 425, 0, '2019-04-06 21:36:31', '2019-04-06 21:36:31'),
('PerU9', 804, 0, '2019-04-06 21:36:46', '2019-04-06 21:36:46'),
('PfAlG', 767, 0, '2019-04-06 21:36:45', '2019-04-06 21:36:45'),
('pg1py', 58, 0, '2019-04-06 21:36:17', '2019-04-06 21:36:17'),
('pgpk3', 810, 0, '2019-04-06 21:36:46', '2019-04-06 21:36:46'),
('PIBFy', 838, 0, '2019-04-06 21:36:48', '2019-04-06 21:36:48'),
('piOog', 409, 0, '2019-04-06 21:36:31', '2019-04-06 21:36:31'),
('PIzpj', 130, 0, '2019-04-06 21:36:19', '2019-04-06 21:36:19'),
('pjKNr', 4, 0, '2019-04-06 21:36:15', '2019-04-06 21:36:15'),
('pLk8X', 382, 0, '2019-04-06 21:36:30', '2019-04-06 21:36:30'),
('PlZGA', 14, 0, '2019-04-06 21:36:16', '2019-04-06 21:36:16'),
('PMcYw', 388, 0, '2019-04-06 21:36:30', '2019-04-06 21:36:30'),
('pNecK', 490, 0, '2019-04-06 21:36:34', '2019-04-06 21:36:34'),
('PnX6Q', 218, 0, '2019-04-06 21:36:23', '2019-04-06 21:36:23'),
('ponxx', 254, 0, '2019-04-06 21:36:24', '2019-04-06 21:36:24'),
('pRD1f', 115, 0, '2019-04-06 21:36:19', '2019-04-06 21:36:19'),
('PrYdY', 236, 0, '2019-04-06 21:36:24', '2019-04-06 21:36:24'),
('Ps4ZK', 975, 0, '2019-04-06 21:36:54', '2019-04-06 21:36:54'),
('PyyGn', 753, 0, '2019-04-06 21:36:44', '2019-04-06 21:36:44'),
('PZw27', 432, 0, '2019-04-06 21:36:32', '2019-04-06 21:36:32'),
('Q0MRe', 365, 0, '2019-04-06 21:36:29', '2019-04-06 21:36:29'),
('q22ch', 471, 0, '2019-04-06 21:36:33', '2019-04-06 21:36:33'),
('Q29ML', 848, 0, '2019-04-06 21:36:48', '2019-04-06 21:36:48'),
('q5oIr', 867, 0, '2019-04-06 21:36:49', '2019-04-06 21:36:49'),
('q62z0', 318, 0, '2019-04-06 21:36:27', '2019-04-06 21:36:27'),
('q6AEi', 869, 0, '2019-04-06 21:36:49', '2019-04-06 21:36:49'),
('q6uMd', 648, 0, '2019-04-06 21:36:40', '2019-04-06 21:36:40'),
('Q82xw', 314, 0, '2019-04-06 21:36:27', '2019-04-06 21:36:27'),
('qaVHj', 67, 0, '2019-04-06 21:36:18', '2019-04-06 21:36:18'),
('QbMmT', 888, 0, '2019-04-06 21:36:50', '2019-04-06 21:36:50'),
('qcSq8', 424, 0, '2019-04-06 21:36:31', '2019-04-06 21:36:31'),
('Qdfje', 755, 0, '2019-04-06 21:36:44', '2019-04-06 21:36:44'),
('QFPEi', 65, 0, '2019-04-06 21:36:18', '2019-04-06 21:36:18'),
('Qfzor', 442, 0, '2019-04-06 21:36:32', '2019-04-06 21:36:32'),
('qHra3', 43, 0, '2019-04-06 21:36:17', '2019-04-06 21:36:17'),
('qHyX8', 537, 0, '2019-04-06 21:36:36', '2019-04-06 21:36:36'),
('QixKM', 429, 0, '2019-04-06 21:36:31', '2019-04-06 21:36:31'),
('QMJRy', 63, 0, '2019-04-06 21:36:18', '2019-04-06 21:36:18'),
('qmMkj', 351, 0, '2019-04-06 21:36:28', '2019-04-06 21:36:28'),
('qmw2Z', 158, 0, '2019-04-06 21:36:20', '2019-04-06 21:36:20'),
('qOREv', 778, 0, '2019-04-06 21:36:45', '2019-04-06 21:36:45'),
('QpkIg', 730, 0, '2019-04-06 21:36:43', '2019-04-06 21:36:43'),
('qPMhL', 825, 0, '2019-04-06 21:36:47', '2019-04-06 21:36:47'),
('Qr64b', 780, 0, '2019-04-06 21:36:45', '2019-04-06 21:36:45'),
('quBQ8', 143, 0, '2019-04-06 21:36:20', '2019-04-06 21:36:20'),
('qUoa5', 452, 0, '2019-04-06 21:36:32', '2019-04-06 21:36:32'),
('qwuVv', 584, 0, '2019-04-06 21:36:37', '2019-04-06 21:36:37'),
('QwzHQ', 779, 0, '2019-04-06 21:36:45', '2019-04-06 21:36:45'),
('qxWsh', 818, 0, '2019-04-06 21:36:47', '2019-04-06 21:36:47'),
('QyfsM', 724, 0, '2019-04-06 21:36:43', '2019-04-06 21:36:43'),
('r040t', 892, 0, '2019-04-06 21:36:50', '2019-04-06 21:36:50'),
('R1RIh', 507, 0, '2019-04-06 21:36:35', '2019-04-06 21:36:35'),
('R85yp', 255, 0, '2019-04-06 21:36:24', '2019-04-06 21:36:24'),
('R8j0L', 111, 0, '2019-04-06 21:36:19', '2019-04-06 21:36:19'),
('r941c', 738, 0, '2019-04-06 21:36:44', '2019-04-06 21:36:44'),
('R9KRV', 282, 0, '2019-04-06 21:36:25', '2019-04-06 21:36:25'),
('R9yU5', 623, 0, '2019-04-06 21:36:39', '2019-04-06 21:36:39'),
('ra5Tq', 40, 0, '2019-04-06 21:36:16', '2019-04-06 21:36:16'),
('RA9fN', 426, 0, '2019-04-06 21:36:31', '2019-04-06 21:36:31'),
('REEal', 122, 0, '2019-04-06 21:36:19', '2019-04-06 21:36:19'),
('rF77t', 204, 0, '2019-04-06 21:36:22', '2019-04-06 21:36:22'),
('rgO0F', 46, 0, '2019-04-06 21:36:17', '2019-04-06 21:36:17'),
('rhzST', 671, 0, '2019-04-06 21:36:41', '2019-04-06 21:36:41'),
('riENe', 327, 0, '2019-04-06 21:36:27', '2019-04-06 21:36:27'),
('rj8rE', 61, 0, '2019-04-06 21:36:17', '2019-04-06 21:36:17'),
('rJh63', 247, 0, '2019-04-06 21:36:24', '2019-04-06 21:36:24'),
('RML8L', 389, 0, '2019-04-06 21:36:30', '2019-04-06 21:36:30'),
('rmOwE', 56, 0, '2019-04-06 21:36:17', '2019-04-06 21:36:17'),
('RN2GN', 745, 0, '2019-04-06 21:36:44', '2019-04-06 21:36:44'),
('rn5oq', 112, 0, '2019-04-06 21:36:19', '2019-04-06 21:36:19'),
('rnznE', 871, 0, '2019-04-06 21:36:49', '2019-04-06 21:36:49'),
('rOs2G', 547, 0, '2019-04-06 21:36:36', '2019-04-06 21:36:36'),
('RPboT', 843, 0, '2019-04-06 21:36:48', '2019-04-06 21:36:48'),
('rpOh4', 601, 0, '2019-04-06 21:36:38', '2019-04-06 21:36:38'),
('rq8dV', 908, 0, '2019-04-06 21:36:51', '2019-04-06 21:36:51'),
('rry4p', 692, 0, '2019-04-06 21:36:42', '2019-04-06 21:36:42'),
('Rs7tY', 249, 0, '2019-04-06 21:36:24', '2019-04-06 21:36:24'),
('RSkA3', 292, 0, '2019-04-06 21:36:26', '2019-04-06 21:36:26'),
('RtWEZ', 628, 0, '2019-04-06 21:36:39', '2019-04-06 21:36:39'),
('Rulgu', 925, 0, '2019-04-06 21:36:52', '2019-04-06 21:36:52'),
('s03aT', 530, 0, '2019-04-06 21:36:35', '2019-04-06 21:36:35'),
('s0SM5', 459, 0, '2019-04-06 21:36:33', '2019-04-06 21:36:33'),
('S1Zje', 104, 0, '2019-04-06 21:36:19', '2019-04-06 21:36:19'),
('S2R4S', 325, 0, '2019-04-06 21:36:27', '2019-04-06 21:36:27'),
('s5qAa', 418, 0, '2019-04-06 21:36:31', '2019-04-06 21:36:31'),
('s6vpy', 391, 0, '2019-04-06 21:36:30', '2019-04-06 21:36:30'),
('s8kN8', 853, 0, '2019-04-06 21:36:48', '2019-04-06 21:36:48'),
('s8s6S', 62, 0, '2019-04-06 21:36:17', '2019-04-06 21:36:17'),
('SAEd7', 823, 0, '2019-04-06 21:36:47', '2019-04-06 21:36:47'),
('SAiDm', 182, 0, '2019-04-06 21:36:21', '2019-04-06 21:36:21'),
('sbTNs', 294, 0, '2019-04-06 21:36:26', '2019-04-06 21:36:26'),
('SCDes', 927, 0, '2019-04-06 21:36:52', '2019-04-06 21:36:52'),
('SCKiS', 884, 0, '2019-04-06 21:36:50', '2019-04-06 21:36:50'),
('sDACh', 338, 0, '2019-04-06 21:36:28', '2019-04-06 21:36:28'),
('sdko2', 485, 0, '2019-04-06 21:36:34', '2019-04-06 21:36:34'),
('SeJlB', 252, 0, '2019-04-06 21:36:24', '2019-04-06 21:36:24'),
('SEvMJ', 207, 0, '2019-04-06 21:36:22', '2019-04-06 21:36:22'),
('sG5Iv', 809, 0, '2019-04-06 21:36:46', '2019-04-06 21:36:46'),
('shBga', 913, 0, '2019-04-06 21:36:51', '2019-04-06 21:36:51'),
('sHGta', 168, 0, '2019-04-06 21:36:21', '2019-04-06 21:36:21'),
('ShiSZ', 113, 0, '2019-04-06 21:36:19', '2019-04-06 21:36:19'),
('sJoP2', 90, 0, '2019-04-06 21:36:18', '2019-04-06 21:36:18'),
('SkPQK', 24, 0, '2019-04-06 21:36:16', '2019-04-06 21:36:16'),
('Skvhl', 60, 0, '2019-04-06 21:36:17', '2019-04-06 21:36:17'),
('sLSEI', 518, 0, '2019-04-06 21:36:35', '2019-04-06 21:36:35'),
('sMPIK', 915, 0, '2019-04-06 21:36:51', '2019-04-06 21:36:51'),
('sNIFn', 379, 0, '2019-04-06 21:36:30', '2019-04-06 21:36:30'),
('SoqdS', 101, 0, '2019-04-06 21:36:19', '2019-04-06 21:36:19'),
('sPi6x', 250, 0, '2019-04-06 21:36:24', '2019-04-06 21:36:24'),
('sQaKx', 323, 0, '2019-04-06 21:36:27', '2019-04-06 21:36:27'),
('sqSPv', 496, 0, '2019-04-06 21:36:34', '2019-04-06 21:36:34'),
('sRo3d', 44, 0, '2019-04-06 21:36:17', '2019-04-06 21:36:17'),
('Ssm73', 321, 0, '2019-04-06 21:36:27', '2019-04-06 21:36:27'),
('Swyqv', 1002, 0, '2019-04-06 21:36:55', '2019-04-06 21:36:55'),
('SyfbN', 94, 0, '2019-04-06 21:36:18', '2019-04-06 21:36:18'),
('SYX4G', 612, 0, '2019-04-06 21:36:38', '2019-04-06 21:36:38'),
('SZDbu', 91, 0, '2019-04-06 21:36:18', '2019-04-06 21:36:18'),
('T0IPh', 170, 0, '2019-04-06 21:36:21', '2019-04-06 21:36:21'),
('t50cO', 120, 0, '2019-04-06 21:36:19', '2019-04-06 21:36:19'),
('T5H4Q', 740, 0, '2019-04-06 21:36:44', '2019-04-06 21:36:44'),
('t5zwh', 758, 0, '2019-04-06 21:36:45', '2019-04-06 21:36:45'),
('t6eju', 30, 0, '2019-04-06 21:36:16', '2019-04-06 21:36:16'),
('t6FoA', 792, 0, '2019-04-06 21:36:46', '2019-04-06 21:36:46');
INSERT INTO `token` (`token`, `id_tps`, `hasUsed`, `created_at`, `updated_at`) VALUES
('T9bPS', 190, 0, '2019-04-06 21:36:22', '2019-04-06 21:36:22'),
('tAvTG', 77, 0, '2019-04-06 21:36:18', '2019-04-06 21:36:18'),
('Tb7yH', 840, 0, '2019-04-06 21:36:48', '2019-04-06 21:36:48'),
('tbeoP', 659, 0, '2019-04-06 21:36:40', '2019-04-06 21:36:40'),
('TBzRv', 433, 0, '2019-04-06 21:36:32', '2019-04-06 21:36:32'),
('tC800', 171, 0, '2019-04-06 21:36:21', '2019-04-06 21:36:21'),
('TcjlO', 734, 0, '2019-04-06 21:36:43', '2019-04-06 21:36:43'),
('TCuWg', 846, 0, '2019-04-06 21:36:48', '2019-04-06 21:36:48'),
('Td8FH', 980, 0, '2019-04-06 21:36:54', '2019-04-06 21:36:54'),
('TdVZx', 213, 0, '2019-04-06 21:36:23', '2019-04-06 21:36:23'),
('teUCB', 600, 0, '2019-04-06 21:36:38', '2019-04-06 21:36:38'),
('tf5yx', 656, 0, '2019-04-06 21:36:40', '2019-04-06 21:36:40'),
('tgjEq', 383, 0, '2019-04-06 21:36:30', '2019-04-06 21:36:30'),
('th1CA', 167, 0, '2019-04-06 21:36:21', '2019-04-06 21:36:21'),
('THdoV', 52, 0, '2019-04-06 21:36:17', '2019-04-06 21:36:17'),
('tHHky', 107, 0, '2019-04-06 21:36:19', '2019-04-06 21:36:19'),
('TIBkF', 858, 0, '2019-04-06 21:36:49', '2019-04-06 21:36:49'),
('tKcBQ', 989, 0, '2019-04-06 21:36:55', '2019-04-06 21:36:55'),
('tkO3C', 713, 0, '2019-04-06 21:36:43', '2019-04-06 21:36:43'),
('tkRkM', 417, 0, '2019-04-06 21:36:31', '2019-04-06 21:36:31'),
('TLGQ8', 787, 0, '2019-04-06 21:36:46', '2019-04-06 21:36:46'),
('tltt3', 345, 0, '2019-04-06 21:36:28', '2019-04-06 21:36:28'),
('TmDJc', 307, 0, '2019-04-06 21:36:27', '2019-04-06 21:36:27'),
('TmLs9', 184, 0, '2019-04-06 21:36:21', '2019-04-06 21:36:21'),
('tnBWp', 39, 0, '2019-04-06 21:36:16', '2019-04-06 21:36:16'),
('tNf88', 670, 0, '2019-04-06 21:36:41', '2019-04-06 21:36:41'),
('TNi9C', 560, 0, '2019-04-06 21:36:37', '2019-04-06 21:36:37'),
('toFuW', 359, 0, '2019-04-06 21:36:29', '2019-04-06 21:36:29'),
('tQIWm', 916, 0, '2019-04-06 21:36:51', '2019-04-06 21:36:51'),
('TqlVa', 273, 0, '2019-04-06 21:36:25', '2019-04-06 21:36:25'),
('tr0zY', 794, 0, '2019-04-06 21:36:46', '2019-04-06 21:36:46'),
('trqNh', 729, 0, '2019-04-06 21:36:43', '2019-04-06 21:36:43'),
('tsIVZ', 152, 0, '2019-04-06 21:36:20', '2019-04-06 21:36:20'),
('tt1C1', 13, 0, '2019-04-06 21:36:15', '2019-04-06 21:36:15'),
('TUChW', 455, 0, '2019-04-06 21:36:32', '2019-04-06 21:36:32'),
('TwOyH', 901, 0, '2019-04-06 21:36:51', '2019-04-06 21:36:51'),
('txybN', 919, 0, '2019-04-06 21:36:51', '2019-04-06 21:36:51'),
('TYA0K', 526, 0, '2019-04-06 21:36:35', '2019-04-06 21:36:35'),
('tz5NL', 995, 0, '2019-04-06 21:36:55', '2019-04-06 21:36:55'),
('TzT2d', 330, 0, '2019-04-06 21:36:28', '2019-04-06 21:36:28'),
('u04Wq', 356, 0, '2019-04-06 21:36:29', '2019-04-06 21:36:29'),
('u1UXR', 844, 0, '2019-04-06 21:36:48', '2019-04-06 21:36:48'),
('u1X0E', 464, 0, '2019-04-06 21:36:33', '2019-04-06 21:36:33'),
('u36Uc', 619, 0, '2019-04-06 21:36:39', '2019-04-06 21:36:39'),
('U5zFh', 565, 0, '2019-04-06 21:36:37', '2019-04-06 21:36:37'),
('u6RUG', 354, 0, '2019-04-06 21:36:29', '2019-04-06 21:36:29'),
('UCVvs', 578, 0, '2019-04-06 21:36:37', '2019-04-06 21:36:37'),
('Ue2nQ', 800, 0, '2019-04-06 21:36:46', '2019-04-06 21:36:46'),
('ufGwH', 813, 0, '2019-04-06 21:36:47', '2019-04-06 21:36:47'),
('ufYQ8', 312, 0, '2019-04-06 21:36:27', '2019-04-06 21:36:27'),
('ui8AW', 594, 0, '2019-04-06 21:36:38', '2019-04-06 21:36:38'),
('uicAI', 270, 0, '2019-04-06 21:36:25', '2019-04-06 21:36:25'),
('uKDhb', 664, 0, '2019-04-06 21:36:40', '2019-04-06 21:36:40'),
('uKuyQ', 110, 0, '2019-04-06 21:36:19', '2019-04-06 21:36:19'),
('UMqGK', 933, 0, '2019-04-06 21:36:52', '2019-04-06 21:36:52'),
('UNIm7', 256, 0, '2019-04-06 21:36:24', '2019-04-06 21:36:24'),
('UPVu1', 581, 0, '2019-04-06 21:36:37', '2019-04-06 21:36:37'),
('UQdtQ', 1004, 0, '2019-04-06 21:36:55', '2019-04-06 21:36:55'),
('UQDVY', 364, 0, '2019-04-06 21:36:29', '2019-04-06 21:36:29'),
('UqNaV', 87, 0, '2019-04-06 21:36:18', '2019-04-06 21:36:18'),
('UsdFm', 596, 0, '2019-04-06 21:36:38', '2019-04-06 21:36:38'),
('uTYjF', 462, 0, '2019-04-06 21:36:33', '2019-04-06 21:36:33'),
('UulKi', 456, 0, '2019-04-06 21:36:32', '2019-04-06 21:36:32'),
('Uuz2Y', 586, 0, '2019-04-06 21:36:38', '2019-04-06 21:36:38'),
('Uvxvd', 528, 0, '2019-04-06 21:36:35', '2019-04-06 21:36:35'),
('uxRY4', 531, 0, '2019-04-06 21:36:35', '2019-04-06 21:36:35'),
('UXyRx', 903, 0, '2019-04-06 21:36:51', '2019-04-06 21:36:51'),
('uy6Qd', 744, 0, '2019-04-06 21:36:44', '2019-04-06 21:36:44'),
('uYybr', 885, 0, '2019-04-06 21:36:50', '2019-04-06 21:36:50'),
('uzXBO', 187, 0, '2019-04-06 21:36:22', '2019-04-06 21:36:22'),
('V08R5', 385, 0, '2019-04-06 21:36:30', '2019-04-06 21:36:30'),
('v4VUO', 135, 0, '2019-04-06 21:36:20', '2019-04-06 21:36:20'),
('V6lNE', 140, 0, '2019-04-06 21:36:20', '2019-04-06 21:36:20'),
('V7Bn9', 732, 0, '2019-04-06 21:36:43', '2019-04-06 21:36:43'),
('v86Bg', 883, 0, '2019-04-06 21:36:50', '2019-04-06 21:36:50'),
('v87iN', 631, 0, '2019-04-06 21:36:39', '2019-04-06 21:36:39'),
('V9PA3', 119, 0, '2019-04-06 21:36:19', '2019-04-06 21:36:19'),
('vbaOG', 632, 0, '2019-04-06 21:36:39', '2019-04-06 21:36:39'),
('VcVWd', 561, 0, '2019-04-06 21:36:37', '2019-04-06 21:36:37'),
('VDJv8', 390, 0, '2019-04-06 21:36:30', '2019-04-06 21:36:30'),
('VEETt', 45, 0, '2019-04-06 21:36:17', '2019-04-06 21:36:17'),
('VEvmf', 387, 0, '2019-04-06 21:36:30', '2019-04-06 21:36:30'),
('VGVx1', 941, 0, '2019-04-06 21:36:53', '2019-04-06 21:36:53'),
('VH7sQ', 487, 0, '2019-04-06 21:36:34', '2019-04-06 21:36:34'),
('vhUCt', 689, 0, '2019-04-06 21:36:41', '2019-04-06 21:36:41'),
('VHZgX', 175, 0, '2019-04-06 21:36:21', '2019-04-06 21:36:21'),
('vj9Vs', 446, 0, '2019-04-06 21:36:32', '2019-04-06 21:36:32'),
('VkJQN', 935, 0, '2019-04-06 21:36:52', '2019-04-06 21:36:52'),
('vKyJz', 519, 0, '2019-04-06 21:36:35', '2019-04-06 21:36:35'),
('vPCry', 157, 0, '2019-04-06 21:36:20', '2019-04-06 21:36:20'),
('VPxsK', 951, 0, '2019-04-06 21:36:53', '2019-04-06 21:36:53'),
('VR8Jw', 313, 0, '2019-04-06 21:36:27', '2019-04-06 21:36:27'),
('VrhYu', 406, 0, '2019-04-06 21:36:31', '2019-04-06 21:36:31'),
('vTHaC', 904, 0, '2019-04-06 21:36:51', '2019-04-06 21:36:51'),
('vVLbA', 258, 0, '2019-04-06 21:36:25', '2019-04-06 21:36:25'),
('Vww3B', 333, 0, '2019-04-06 21:36:28', '2019-04-06 21:36:28'),
('vYHfO', 703, 0, '2019-04-06 21:36:42', '2019-04-06 21:36:42'),
('vzaFO', 948, 0, '2019-04-06 21:36:53', '2019-04-06 21:36:53'),
('vzRRL', 749, 0, '2019-04-06 21:36:44', '2019-04-06 21:36:44'),
('w1uFy', 123, 0, '2019-04-06 21:36:19', '2019-04-06 21:36:19'),
('W3qDy', 691, 0, '2019-04-06 21:36:41', '2019-04-06 21:36:41'),
('w3vYT', 117, 0, '2019-04-06 21:36:19', '2019-04-06 21:36:19'),
('w564m', 701, 0, '2019-04-06 21:36:42', '2019-04-06 21:36:42'),
('WaDgv', 41, 0, '2019-04-06 21:36:17', '2019-04-06 21:36:17'),
('waobP', 394, 0, '2019-04-06 21:36:30', '2019-04-06 21:36:30'),
('WauVz', 972, 0, '2019-04-06 21:36:54', '2019-04-06 21:36:54'),
('wEpT8', 381, 0, '2019-04-06 21:36:30', '2019-04-06 21:36:30'),
('WGCBJ', 783, 0, '2019-04-06 21:36:45', '2019-04-06 21:36:45'),
('wgmyi', 33, 0, '2019-04-06 21:36:16', '2019-04-06 21:36:16'),
('whltm', 229, 0, '2019-04-06 21:36:23', '2019-04-06 21:36:23'),
('WhQgs', 127, 0, '2019-04-06 21:36:19', '2019-04-06 21:36:19'),
('Wi07n', 807, 0, '2019-04-06 21:36:46', '2019-04-06 21:36:46'),
('WJ9wu', 743, 0, '2019-04-06 21:36:44', '2019-04-06 21:36:44'),
('wKd83', 240, 0, '2019-04-06 21:36:24', '2019-04-06 21:36:24'),
('WM5LJ', 788, 0, '2019-04-06 21:36:46', '2019-04-06 21:36:46'),
('wNhs0', 725, 0, '2019-04-06 21:36:43', '2019-04-06 21:36:43'),
('wpbCd', 515, 0, '2019-04-06 21:36:35', '2019-04-06 21:36:35'),
('WQr52', 1018, 0, '2019-04-06 21:36:56', '2019-04-06 21:36:56'),
('wroL5', 178, 0, '2019-04-06 21:36:21', '2019-04-06 21:36:21'),
('wsFKA', 200, 0, '2019-04-06 21:36:22', '2019-04-06 21:36:22'),
('Wt1iY', 305, 0, '2019-04-06 21:36:26', '2019-04-06 21:36:26'),
('wuUYY', 1017, 0, '2019-04-06 21:36:56', '2019-04-06 21:36:56'),
('WwCIQ', 20, 0, '2019-04-06 21:36:16', '2019-04-06 21:36:16'),
('WYgfC', 227, 0, '2019-04-06 21:36:23', '2019-04-06 21:36:23'),
('WYP3u', 139, 0, '2019-04-06 21:36:20', '2019-04-06 21:36:20'),
('Wzby1', 454, 0, '2019-04-06 21:36:32', '2019-04-06 21:36:32'),
('WZxwA', 437, 0, '2019-04-06 21:36:32', '2019-04-06 21:36:32'),
('x1DWU', 69, 0, '2019-04-06 21:36:18', '2019-04-06 21:36:18'),
('X3DYb', 155, 0, '2019-04-06 21:36:20', '2019-04-06 21:36:20'),
('x4Gz6', 263, 0, '2019-04-06 21:36:25', '2019-04-06 21:36:25'),
('X7CIe', 521, 0, '2019-04-06 21:36:35', '2019-04-06 21:36:35'),
('x8nbv', 336, 0, '2019-04-06 21:36:28', '2019-04-06 21:36:28'),
('x9tQs', 945, 0, '2019-04-06 21:36:53', '2019-04-06 21:36:53'),
('X9WdB', 363, 0, '2019-04-06 21:36:29', '2019-04-06 21:36:29'),
('XcLJk', 34, 0, '2019-04-06 21:36:16', '2019-04-06 21:36:16'),
('Xcogb', 585, 0, '2019-04-06 21:36:38', '2019-04-06 21:36:38'),
('xdEct', 375, 0, '2019-04-06 21:36:29', '2019-04-06 21:36:29'),
('XdteU', 510, 0, '2019-04-06 21:36:35', '2019-04-06 21:36:35'),
('XEccg', 855, 0, '2019-04-06 21:36:49', '2019-04-06 21:36:49'),
('XHatv', 18, 0, '2019-04-06 21:36:16', '2019-04-06 21:36:16'),
('xhPi2', 674, 0, '2019-04-06 21:36:41', '2019-04-06 21:36:41'),
('xiSDq', 50, 0, '2019-04-06 21:36:17', '2019-04-06 21:36:17'),
('xJrcK', 680, 0, '2019-04-06 21:36:41', '2019-04-06 21:36:41'),
('xKy3J', 239, 0, '2019-04-06 21:36:24', '2019-04-06 21:36:24'),
('xlkQM', 407, 0, '2019-04-06 21:36:31', '2019-04-06 21:36:31'),
('XoUCF', 626, 0, '2019-04-06 21:36:39', '2019-04-06 21:36:39'),
('xOUf7', 469, 0, '2019-04-06 21:36:33', '2019-04-06 21:36:33'),
('xP2O6', 956, 0, '2019-04-06 21:36:54', '2019-04-06 21:36:54'),
('xPjio', 7, 0, '2019-04-06 21:36:15', '2019-04-06 21:36:15'),
('xSpuF', 508, 0, '2019-04-06 21:36:35', '2019-04-06 21:36:35'),
('xtdI6', 37, 0, '2019-04-06 21:36:16', '2019-04-06 21:36:16'),
('XVAxz', 635, 0, '2019-04-06 21:36:39', '2019-04-06 21:36:39'),
('xweUF', 474, 0, '2019-04-06 21:36:33', '2019-04-06 21:36:33'),
('XWx7O', 905, 0, '2019-04-06 21:36:51', '2019-04-06 21:36:51'),
('xxWdO', 26, 0, '2019-04-06 21:36:16', '2019-04-06 21:36:16'),
('XxZDL', 550, 0, '2019-04-06 21:36:36', '2019-04-06 21:36:36'),
('xYpn3', 866, 0, '2019-04-06 21:36:49', '2019-04-06 21:36:49'),
('Y07hf', 499, 0, '2019-04-06 21:36:34', '2019-04-06 21:36:34'),
('Y0yNl', 195, 0, '2019-04-06 21:36:22', '2019-04-06 21:36:22'),
('y21nx', 266, 0, '2019-04-06 21:36:25', '2019-04-06 21:36:25'),
('Y3CVf', 76, 0, '2019-04-06 21:36:18', '2019-04-06 21:36:18'),
('Y8GT2', 1016, 0, '2019-04-06 21:36:56', '2019-04-06 21:36:56'),
('YAe75', 219, 0, '2019-04-06 21:36:23', '2019-04-06 21:36:23'),
('yazyJ', 567, 0, '2019-04-06 21:36:37', '2019-04-06 21:36:37'),
('yC4nR', 458, 0, '2019-04-06 21:36:33', '2019-04-06 21:36:33'),
('YdhxX', 133, 0, '2019-04-06 21:36:19', '2019-04-06 21:36:19'),
('ydnZ0', 891, 0, '2019-04-06 21:36:50', '2019-04-06 21:36:50'),
('yfgvo', 337, 0, '2019-04-06 21:36:28', '2019-04-06 21:36:28'),
('YGqYD', 55, 0, '2019-04-06 21:36:17', '2019-04-06 21:36:17'),
('YgXJU', 889, 0, '2019-04-06 21:36:50', '2019-04-06 21:36:50'),
('yLO3U', 118, 0, '2019-04-06 21:36:19', '2019-04-06 21:36:19'),
('YLTGN', 712, 0, '2019-04-06 21:36:43', '2019-04-06 21:36:43'),
('ymFbb', 106, 0, '2019-04-06 21:36:19', '2019-04-06 21:36:19'),
('ymzeg', 472, 0, '2019-04-06 21:36:33', '2019-04-06 21:36:33'),
('YNVHo', 714, 0, '2019-04-06 21:36:43', '2019-04-06 21:36:43'),
('YrI6W', 563, 0, '2019-04-06 21:36:37', '2019-04-06 21:36:37'),
('yRJea', 1009, 0, '2019-04-06 21:36:55', '2019-04-06 21:36:55'),
('Yroz2', 57, 0, '2019-04-06 21:36:17', '2019-04-06 21:36:17'),
('yRxZO', 850, 0, '2019-04-06 21:36:48', '2019-04-06 21:36:48'),
('yS54s', 230, 0, '2019-04-06 21:36:23', '2019-04-06 21:36:23'),
('yTLrr', 260, 0, '2019-04-06 21:36:25', '2019-04-06 21:36:25'),
('yTxK2', 332, 0, '2019-04-06 21:36:28', '2019-04-06 21:36:28'),
('yVkhs', 202, 0, '2019-04-06 21:36:22', '2019-04-06 21:36:22'),
('yvwjI', 475, 0, '2019-04-06 21:36:33', '2019-04-06 21:36:33'),
('YwzH0', 996, 0, '2019-04-06 21:36:55', '2019-04-06 21:36:55'),
('Yy2K6', 926, 0, '2019-04-06 21:36:52', '2019-04-06 21:36:52'),
('YYAz4', 577, 0, '2019-04-06 21:36:37', '2019-04-06 21:36:37'),
('yyEgb', 451, 0, '2019-04-06 21:36:32', '2019-04-06 21:36:32'),
('yzIyN', 32, 0, '2019-04-06 21:36:16', '2019-04-06 21:36:16'),
('Z110d', 893, 0, '2019-04-06 21:36:50', '2019-04-06 21:36:50'),
('Z1X9W', 436, 0, '2019-04-06 21:36:32', '2019-04-06 21:36:32'),
('Z47xr', 215, 0, '2019-04-06 21:36:23', '2019-04-06 21:36:23'),
('Z55AM', 103, 0, '2019-04-06 21:36:19', '2019-04-06 21:36:19'),
('ZaGiu', 514, 0, '2019-04-06 21:36:35', '2019-04-06 21:36:35'),
('ZbafJ', 529, 0, '2019-04-06 21:36:35', '2019-04-06 21:36:35'),
('zbEaF', 588, 0, '2019-04-06 21:36:38', '2019-04-06 21:36:38'),
('ZBjAW', 699, 0, '2019-04-06 21:36:42', '2019-04-06 21:36:42'),
('ZbQSi', 580, 0, '2019-04-06 21:36:37', '2019-04-06 21:36:37'),
('ZCLRO', 517, 0, '2019-04-06 21:36:35', '2019-04-06 21:36:35'),
('ZcuvU', 421, 0, '2019-04-06 21:36:31', '2019-04-06 21:36:31'),
('zd7K9', 367, 0, '2019-04-06 21:36:29', '2019-04-06 21:36:29'),
('ZDUd9', 837, 0, '2019-04-06 21:36:48', '2019-04-06 21:36:48'),
('zGw6U', 654, 0, '2019-04-06 21:36:40', '2019-04-06 21:36:40'),
('ZirFf', 657, 0, '2019-04-06 21:36:40', '2019-04-06 21:36:40'),
('zjzXw', 988, 0, '2019-04-06 21:36:55', '2019-04-06 21:36:55'),
('ZK3xR', 1014, 0, '2019-04-06 21:36:56', '2019-04-06 21:36:56'),
('zLI1J', 814, 0, '2019-04-06 21:36:47', '2019-04-06 21:36:47'),
('ZLteD', 9, 0, '2019-04-06 21:36:15', '2019-04-06 21:36:15'),
('ZOS1d', 194, 0, '2019-04-06 21:36:22', '2019-04-06 21:36:22'),
('zoWTc', 598, 0, '2019-04-06 21:36:38', '2019-04-06 21:36:38'),
('zPFzf', 539, 0, '2019-04-06 21:36:36', '2019-04-06 21:36:36'),
('zQDN8', 936, 0, '2019-04-06 21:36:52', '2019-04-06 21:36:52'),
('zqOow', 773, 0, '2019-04-06 21:36:45', '2019-04-06 21:36:45'),
('ZsYsd', 71, 0, '2019-04-06 21:36:18', '2019-04-06 21:36:18'),
('ZtpYB', 192, 0, '2019-04-06 21:36:22', '2019-04-06 21:36:22'),
('ZTQp7', 811, 0, '2019-04-06 21:36:46', '2019-04-06 21:36:46'),
('ZTyKu', 95, 0, '2019-04-06 21:36:18', '2019-04-06 21:36:18'),
('ZuGyW', 624, 0, '2019-04-06 21:36:39', '2019-04-06 21:36:39'),
('zVh9g', 334, 0, '2019-04-06 21:36:28', '2019-04-06 21:36:28'),
('ZVPpA', 506, 0, '2019-04-06 21:36:35', '2019-04-06 21:36:35'),
('zwpce', 1003, 0, '2019-04-06 21:36:55', '2019-04-06 21:36:55'),
('ZXlzY', 128, 0, '2019-04-06 21:36:19', '2019-04-06 21:36:19'),
('zY0eF', 48, 0, '2019-04-06 21:36:17', '2019-04-06 21:36:17'),
('zyU9l', 511, 0, '2019-04-06 21:36:35', '2019-04-06 21:36:35'),
('ZZ6XG', 768, 0, '2019-04-06 21:36:45', '2019-04-06 21:36:45'),
('zzYei', 238, 0, '2019-04-06 21:36:24', '2019-04-06 21:36:24');

-- --------------------------------------------------------

--
-- Table structure for table `tps`
--

CREATE TABLE `tps` (
  `id_tps` int(11) UNSIGNED NOT NULL,
  `id_desa` int(11) UNSIGNED DEFAULT NULL,
  `nama_tps` varchar(100) NOT NULL,
  `max_suara` int(11) NOT NULL,
  `isDeleted` tinyint(1) NOT NULL DEFAULT '0',
  `created_at` timestamp NOT NULL DEFAULT CURRENT_TIMESTAMP ON UPDATE CURRENT_TIMESTAMP,
  `updated_at` timestamp NOT NULL DEFAULT '0000-00-00 00:00:00'
) ENGINE=InnoDB DEFAULT CHARSET=latin1;

--
-- Dumping data for table `tps`
--

INSERT INTO `tps` (`id_tps`, `id_desa`, `nama_tps`, `max_suara`, `isDeleted`, `created_at`, `updated_at`) VALUES
(1, 1, 'TPS-001', 208, 0, '0000-00-00 00:00:00', '0000-00-00 00:00:00'),
(2, 1, 'TPS-002', 222, 0, '0000-00-00 00:00:00', '0000-00-00 00:00:00'),
(3, 1, 'TPS-003', 239, 0, '0000-00-00 00:00:00', '0000-00-00 00:00:00'),
(4, 1, 'TPS-004', 193, 0, '0000-00-00 00:00:00', '0000-00-00 00:00:00'),
(5, 1, 'TPS-005', 202, 0, '0000-00-00 00:00:00', '0000-00-00 00:00:00'),
(6, 1, 'TPS-006', 184, 0, '0000-00-00 00:00:00', '0000-00-00 00:00:00'),
(7, 1, 'TPS-007', 205, 0, '0000-00-00 00:00:00', '0000-00-00 00:00:00'),
(8, 1, 'TPS-008', 181, 0, '0000-00-00 00:00:00', '0000-00-00 00:00:00'),
(9, 1, 'TPS-009', 167, 0, '0000-00-00 00:00:00', '0000-00-00 00:00:00'),
(10, 2, 'TPS-001', 276, 0, '0000-00-00 00:00:00', '0000-00-00 00:00:00'),
(11, 2, 'TPS-002', 271, 0, '0000-00-00 00:00:00', '0000-00-00 00:00:00'),
(12, 2, 'TPS-003', 228, 0, '0000-00-00 00:00:00', '0000-00-00 00:00:00'),
(13, 2, 'TPS-004', 269, 0, '0000-00-00 00:00:00', '0000-00-00 00:00:00'),
(14, 2, 'TPS-005', 192, 0, '0000-00-00 00:00:00', '0000-00-00 00:00:00'),
(15, 2, 'TPS-006', 189, 0, '0000-00-00 00:00:00', '0000-00-00 00:00:00'),
(16, 2, 'TPS-007', 238, 0, '0000-00-00 00:00:00', '0000-00-00 00:00:00'),
(17, 3, 'TPS-001', 163, 0, '0000-00-00 00:00:00', '0000-00-00 00:00:00'),
(18, 3, 'TPS-002', 190, 0, '0000-00-00 00:00:00', '0000-00-00 00:00:00'),
(19, 3, 'TPS-003', 212, 0, '0000-00-00 00:00:00', '0000-00-00 00:00:00'),
(20, 3, 'TPS-004', 174, 0, '0000-00-00 00:00:00', '0000-00-00 00:00:00'),
(21, 4, 'TPS-001', 250, 0, '0000-00-00 00:00:00', '0000-00-00 00:00:00'),
(22, 4, 'TPS-002', 278, 0, '0000-00-00 00:00:00', '0000-00-00 00:00:00'),
(23, 4, 'TPS-003', 277, 0, '0000-00-00 00:00:00', '0000-00-00 00:00:00'),
(24, 4, 'TPS-004', 194, 0, '0000-00-00 00:00:00', '0000-00-00 00:00:00'),
(25, 4, 'TPS-005', 193, 0, '0000-00-00 00:00:00', '0000-00-00 00:00:00'),
(26, 4, 'TPS-006', 241, 0, '0000-00-00 00:00:00', '0000-00-00 00:00:00'),
(27, 4, 'TPS-007', 194, 0, '0000-00-00 00:00:00', '0000-00-00 00:00:00'),
(28, 4, 'TPS-008', 253, 0, '0000-00-00 00:00:00', '0000-00-00 00:00:00'),
(29, 4, 'TPS-009', 234, 0, '0000-00-00 00:00:00', '0000-00-00 00:00:00'),
(30, 4, 'TPS-010', 270, 0, '0000-00-00 00:00:00', '0000-00-00 00:00:00'),
(31, 4, 'TPS-011', 211, 0, '0000-00-00 00:00:00', '0000-00-00 00:00:00'),
(32, 4, 'TPS-012', 220, 0, '0000-00-00 00:00:00', '0000-00-00 00:00:00'),
(33, 4, 'TPS-013', 216, 0, '0000-00-00 00:00:00', '0000-00-00 00:00:00'),
(34, 4, 'TPS-014', 237, 0, '0000-00-00 00:00:00', '0000-00-00 00:00:00'),
(35, 4, 'TPS-015', 220, 0, '0000-00-00 00:00:00', '0000-00-00 00:00:00'),
(36, 4, 'TPS-016', 236, 0, '0000-00-00 00:00:00', '0000-00-00 00:00:00'),
(37, 4, 'TPS-017', 216, 0, '0000-00-00 00:00:00', '0000-00-00 00:00:00'),
(38, 4, 'TPS-018', 224, 0, '0000-00-00 00:00:00', '0000-00-00 00:00:00'),
(39, 4, 'TPS-019', 251, 0, '0000-00-00 00:00:00', '0000-00-00 00:00:00'),
(40, 5, 'TPS-001', 270, 0, '0000-00-00 00:00:00', '0000-00-00 00:00:00'),
(41, 5, 'TPS-002', 238, 0, '0000-00-00 00:00:00', '0000-00-00 00:00:00'),
(42, 5, 'TPS-003', 265, 0, '0000-00-00 00:00:00', '0000-00-00 00:00:00'),
(43, 5, 'TPS-004', 239, 0, '0000-00-00 00:00:00', '0000-00-00 00:00:00'),
(44, 5, 'TPS-005', 283, 0, '0000-00-00 00:00:00', '0000-00-00 00:00:00'),
(45, 5, 'TPS-006', 189, 0, '0000-00-00 00:00:00', '0000-00-00 00:00:00'),
(46, 5, 'TPS-007', 281, 0, '0000-00-00 00:00:00', '0000-00-00 00:00:00'),
(47, 6, 'TPS-001', 275, 0, '0000-00-00 00:00:00', '0000-00-00 00:00:00'),
(48, 6, 'TPS-002', 256, 0, '0000-00-00 00:00:00', '0000-00-00 00:00:00'),
(49, 6, 'TPS-003', 244, 0, '0000-00-00 00:00:00', '0000-00-00 00:00:00'),
(50, 6, 'TPS-004', 217, 0, '0000-00-00 00:00:00', '0000-00-00 00:00:00'),
(51, 6, 'TPS-005', 219, 0, '0000-00-00 00:00:00', '0000-00-00 00:00:00'),
(52, 7, 'TPS-001', 281, 0, '0000-00-00 00:00:00', '0000-00-00 00:00:00'),
(53, 7, 'TPS-002', 286, 0, '0000-00-00 00:00:00', '0000-00-00 00:00:00'),
(54, 7, 'TPS-003', 294, 0, '0000-00-00 00:00:00', '0000-00-00 00:00:00'),
(55, 7, 'TPS-004', 288, 0, '0000-00-00 00:00:00', '0000-00-00 00:00:00'),
(56, 7, 'TPS-005', 244, 0, '0000-00-00 00:00:00', '0000-00-00 00:00:00'),
(57, 7, 'TPS-006', 195, 0, '0000-00-00 00:00:00', '0000-00-00 00:00:00'),
(58, 7, 'TPS-007', 246, 0, '0000-00-00 00:00:00', '0000-00-00 00:00:00'),
(59, 7, 'TPS-008', 225, 0, '0000-00-00 00:00:00', '0000-00-00 00:00:00'),
(60, 7, 'TPS-009', 170, 0, '0000-00-00 00:00:00', '0000-00-00 00:00:00'),
(61, 7, 'TPS-010', 288, 0, '0000-00-00 00:00:00', '0000-00-00 00:00:00'),
(62, 7, 'TPS-011', 239, 0, '0000-00-00 00:00:00', '0000-00-00 00:00:00'),
(63, 8, 'TPS-001', 235, 0, '0000-00-00 00:00:00', '0000-00-00 00:00:00'),
(64, 8, 'TPS-002', 244, 0, '0000-00-00 00:00:00', '0000-00-00 00:00:00'),
(65, 8, 'TPS-003', 243, 0, '0000-00-00 00:00:00', '0000-00-00 00:00:00'),
(66, 8, 'TPS-004', 242, 0, '0000-00-00 00:00:00', '0000-00-00 00:00:00'),
(67, 9, 'TPS-001', 266, 0, '0000-00-00 00:00:00', '0000-00-00 00:00:00'),
(68, 9, 'TPS-002', 285, 0, '0000-00-00 00:00:00', '0000-00-00 00:00:00'),
(69, 9, 'TPS-003', 287, 0, '0000-00-00 00:00:00', '0000-00-00 00:00:00'),
(70, 9, 'TPS-004', 252, 0, '0000-00-00 00:00:00', '0000-00-00 00:00:00'),
(71, 10, 'TPS-001', 253, 0, '0000-00-00 00:00:00', '0000-00-00 00:00:00'),
(72, 10, 'TPS-002', 259, 0, '0000-00-00 00:00:00', '0000-00-00 00:00:00'),
(73, 10, 'TPS-003', 282, 0, '0000-00-00 00:00:00', '0000-00-00 00:00:00'),
(74, 10, 'TPS-004', 265, 0, '0000-00-00 00:00:00', '0000-00-00 00:00:00'),
(75, 10, 'TPS-005', 231, 0, '0000-00-00 00:00:00', '0000-00-00 00:00:00'),
(76, 10, 'TPS-006', 200, 0, '0000-00-00 00:00:00', '0000-00-00 00:00:00'),
(77, 10, 'TPS-007', 204, 0, '0000-00-00 00:00:00', '0000-00-00 00:00:00'),
(78, 10, 'TPS-008', 250, 0, '0000-00-00 00:00:00', '0000-00-00 00:00:00'),
(79, 10, 'TPS-009', 215, 0, '0000-00-00 00:00:00', '0000-00-00 00:00:00'),
(80, 11, 'TPS-001', 181, 0, '0000-00-00 00:00:00', '0000-00-00 00:00:00'),
(81, 11, 'TPS-002', 167, 0, '0000-00-00 00:00:00', '0000-00-00 00:00:00'),
(82, 11, 'TPS-003', 248, 0, '0000-00-00 00:00:00', '0000-00-00 00:00:00'),
(83, 11, 'TPS-004', 227, 0, '0000-00-00 00:00:00', '0000-00-00 00:00:00'),
(84, 11, 'TPS-005', 258, 0, '0000-00-00 00:00:00', '0000-00-00 00:00:00'),
(85, 11, 'TPS-006', 200, 0, '0000-00-00 00:00:00', '0000-00-00 00:00:00'),
(86, 11, 'TPS-007', 241, 0, '0000-00-00 00:00:00', '0000-00-00 00:00:00'),
(87, 11, 'TPS-008', 260, 0, '0000-00-00 00:00:00', '0000-00-00 00:00:00'),
(88, 11, 'TPS-009', 179, 0, '0000-00-00 00:00:00', '0000-00-00 00:00:00'),
(89, 12, 'TPS-001', 233, 0, '0000-00-00 00:00:00', '0000-00-00 00:00:00'),
(90, 12, 'TPS-002', 225, 0, '0000-00-00 00:00:00', '0000-00-00 00:00:00'),
(91, 12, 'TPS-003', 212, 0, '0000-00-00 00:00:00', '0000-00-00 00:00:00'),
(92, 12, 'TPS-004', 234, 0, '0000-00-00 00:00:00', '0000-00-00 00:00:00'),
(93, 12, 'TPS-005', 218, 0, '0000-00-00 00:00:00', '0000-00-00 00:00:00'),
(94, 13, 'TPS-001', 226, 0, '0000-00-00 00:00:00', '0000-00-00 00:00:00'),
(95, 13, 'TPS-002', 246, 0, '0000-00-00 00:00:00', '0000-00-00 00:00:00'),
(96, 13, 'TPS-003', 248, 0, '0000-00-00 00:00:00', '0000-00-00 00:00:00'),
(97, 13, 'TPS-004', 208, 0, '0000-00-00 00:00:00', '0000-00-00 00:00:00'),
(98, 13, 'TPS-005', 196, 0, '0000-00-00 00:00:00', '0000-00-00 00:00:00'),
(99, 14, 'TPS-001', 285, 0, '0000-00-00 00:00:00', '0000-00-00 00:00:00'),
(100, 14, 'TPS-002', 288, 0, '0000-00-00 00:00:00', '0000-00-00 00:00:00'),
(101, 14, 'TPS-003', 249, 0, '0000-00-00 00:00:00', '0000-00-00 00:00:00'),
(102, 14, 'TPS-004', 214, 0, '0000-00-00 00:00:00', '0000-00-00 00:00:00'),
(103, 14, 'TPS-005', 240, 0, '0000-00-00 00:00:00', '0000-00-00 00:00:00'),
(104, 15, 'TPS-001', 258, 0, '0000-00-00 00:00:00', '0000-00-00 00:00:00'),
(105, 15, 'TPS-002', 152, 0, '0000-00-00 00:00:00', '0000-00-00 00:00:00'),
(106, 15, 'TPS-003', 144, 0, '0000-00-00 00:00:00', '0000-00-00 00:00:00'),
(107, 15, 'TPS-004', 291, 0, '0000-00-00 00:00:00', '0000-00-00 00:00:00'),
(108, 15, 'TPS-005', 244, 0, '0000-00-00 00:00:00', '0000-00-00 00:00:00'),
(109, 15, 'TPS-006', 138, 0, '0000-00-00 00:00:00', '0000-00-00 00:00:00'),
(110, 15, 'TPS-007', 151, 0, '0000-00-00 00:00:00', '0000-00-00 00:00:00'),
(111, 15, 'TPS-008', 195, 0, '0000-00-00 00:00:00', '0000-00-00 00:00:00'),
(112, 15, 'TPS-009', 103, 0, '0000-00-00 00:00:00', '0000-00-00 00:00:00'),
(113, 15, 'TPS-010', 223, 0, '0000-00-00 00:00:00', '0000-00-00 00:00:00'),
(114, 15, 'TPS-011', 214, 0, '0000-00-00 00:00:00', '0000-00-00 00:00:00'),
(115, 15, 'TPS-012', 207, 0, '0000-00-00 00:00:00', '0000-00-00 00:00:00'),
(116, 15, 'TPS-013', 115, 0, '0000-00-00 00:00:00', '0000-00-00 00:00:00'),
(117, 15, 'TPS-014', 142, 0, '0000-00-00 00:00:00', '0000-00-00 00:00:00'),
(118, 16, 'TPS-001', 291, 0, '0000-00-00 00:00:00', '0000-00-00 00:00:00'),
(119, 16, 'TPS-002', 216, 0, '0000-00-00 00:00:00', '0000-00-00 00:00:00'),
(120, 16, 'TPS-003', 118, 0, '0000-00-00 00:00:00', '0000-00-00 00:00:00'),
(121, 16, 'TPS-004', 175, 0, '0000-00-00 00:00:00', '0000-00-00 00:00:00'),
(122, 16, 'TPS-005', 171, 0, '0000-00-00 00:00:00', '0000-00-00 00:00:00'),
(123, 16, 'TPS-006', 262, 0, '0000-00-00 00:00:00', '0000-00-00 00:00:00'),
(124, 16, 'TPS-007', 253, 0, '0000-00-00 00:00:00', '0000-00-00 00:00:00'),
(125, 16, 'TPS-008', 268, 0, '0000-00-00 00:00:00', '0000-00-00 00:00:00'),
(126, 16, 'TPS-009', 67, 0, '0000-00-00 00:00:00', '0000-00-00 00:00:00'),
(127, 16, 'TPS-010', 113, 0, '0000-00-00 00:00:00', '0000-00-00 00:00:00'),
(128, 16, 'TPS-011', 135, 0, '0000-00-00 00:00:00', '0000-00-00 00:00:00'),
(129, 17, 'TPS-001', 272, 0, '0000-00-00 00:00:00', '0000-00-00 00:00:00'),
(130, 17, 'TPS-002', 239, 0, '0000-00-00 00:00:00', '0000-00-00 00:00:00'),
(131, 17, 'TPS-003', 128, 0, '0000-00-00 00:00:00', '0000-00-00 00:00:00'),
(132, 17, 'TPS-004', 118, 0, '0000-00-00 00:00:00', '0000-00-00 00:00:00'),
(133, 17, 'TPS-005', 239, 0, '0000-00-00 00:00:00', '0000-00-00 00:00:00'),
(134, 17, 'TPS-006', 273, 0, '0000-00-00 00:00:00', '0000-00-00 00:00:00'),
(135, 17, 'TPS-007', 225, 0, '0000-00-00 00:00:00', '0000-00-00 00:00:00'),
(136, 17, 'TPS-008', 275, 0, '0000-00-00 00:00:00', '0000-00-00 00:00:00'),
(137, 17, 'TPS-009', 226, 0, '0000-00-00 00:00:00', '0000-00-00 00:00:00'),
(138, 17, 'TPS-010', 123, 0, '0000-00-00 00:00:00', '0000-00-00 00:00:00'),
(139, 18, 'TPS-001', 251, 0, '0000-00-00 00:00:00', '0000-00-00 00:00:00'),
(140, 18, 'TPS-002', 203, 0, '0000-00-00 00:00:00', '0000-00-00 00:00:00'),
(141, 18, 'TPS-003', 208, 0, '0000-00-00 00:00:00', '0000-00-00 00:00:00'),
(142, 18, 'TPS-004', 218, 0, '0000-00-00 00:00:00', '0000-00-00 00:00:00'),
(143, 18, 'TPS-005', 290, 0, '0000-00-00 00:00:00', '0000-00-00 00:00:00'),
(144, 18, 'TPS-006', 208, 0, '0000-00-00 00:00:00', '0000-00-00 00:00:00'),
(145, 18, 'TPS-007', 150, 0, '0000-00-00 00:00:00', '0000-00-00 00:00:00'),
(146, 18, 'TPS-008', 254, 0, '0000-00-00 00:00:00', '0000-00-00 00:00:00'),
(147, 18, 'TPS-009', 278, 0, '0000-00-00 00:00:00', '0000-00-00 00:00:00'),
(148, 18, 'TPS-010', 216, 0, '0000-00-00 00:00:00', '0000-00-00 00:00:00'),
(149, 18, 'TPS-011', 213, 0, '0000-00-00 00:00:00', '0000-00-00 00:00:00'),
(150, 18, 'TPS-012', 181, 0, '0000-00-00 00:00:00', '0000-00-00 00:00:00'),
(151, 18, 'TPS-013', 239, 0, '0000-00-00 00:00:00', '0000-00-00 00:00:00'),
(152, 18, 'TPS-014', 198, 0, '0000-00-00 00:00:00', '0000-00-00 00:00:00'),
(153, 18, 'TPS-015', 290, 0, '0000-00-00 00:00:00', '0000-00-00 00:00:00'),
(154, 18, 'TPS-016', 215, 0, '0000-00-00 00:00:00', '0000-00-00 00:00:00'),
(155, 18, 'TPS-017', 291, 0, '0000-00-00 00:00:00', '0000-00-00 00:00:00'),
(156, 19, 'TPS-001', 255, 0, '0000-00-00 00:00:00', '0000-00-00 00:00:00'),
(157, 19, 'TPS-002', 226, 0, '0000-00-00 00:00:00', '0000-00-00 00:00:00'),
(158, 19, 'TPS-003', 211, 0, '0000-00-00 00:00:00', '0000-00-00 00:00:00'),
(159, 19, 'TPS-004', 229, 0, '0000-00-00 00:00:00', '0000-00-00 00:00:00'),
(160, 19, 'TPS-005', 290, 0, '0000-00-00 00:00:00', '0000-00-00 00:00:00'),
(161, 19, 'TPS-006', 249, 0, '0000-00-00 00:00:00', '0000-00-00 00:00:00'),
(162, 19, 'TPS-007', 222, 0, '0000-00-00 00:00:00', '0000-00-00 00:00:00'),
(163, 19, 'TPS-008', 145, 0, '0000-00-00 00:00:00', '0000-00-00 00:00:00'),
(164, 20, 'TPS-001', 214, 0, '0000-00-00 00:00:00', '0000-00-00 00:00:00'),
(165, 20, 'TPS-002', 156, 0, '0000-00-00 00:00:00', '0000-00-00 00:00:00'),
(166, 20, 'TPS-003', 217, 0, '0000-00-00 00:00:00', '0000-00-00 00:00:00'),
(167, 20, 'TPS-004', 265, 0, '0000-00-00 00:00:00', '0000-00-00 00:00:00'),
(168, 20, 'TPS-005', 148, 0, '0000-00-00 00:00:00', '0000-00-00 00:00:00'),
(169, 20, 'TPS-006', 265, 0, '0000-00-00 00:00:00', '0000-00-00 00:00:00'),
(170, 20, 'TPS-007', 218, 0, '0000-00-00 00:00:00', '0000-00-00 00:00:00'),
(171, 20, 'TPS-008', 216, 0, '0000-00-00 00:00:00', '0000-00-00 00:00:00'),
(172, 20, 'TPS-009', 264, 0, '0000-00-00 00:00:00', '0000-00-00 00:00:00'),
(173, 20, 'TPS-010', 174, 0, '0000-00-00 00:00:00', '0000-00-00 00:00:00'),
(174, 20, 'TPS-011', 292, 0, '0000-00-00 00:00:00', '0000-00-00 00:00:00'),
(175, 20, 'TPS-012', 274, 0, '0000-00-00 00:00:00', '0000-00-00 00:00:00'),
(176, 20, 'TPS-013', 258, 0, '0000-00-00 00:00:00', '0000-00-00 00:00:00'),
(177, 20, 'TPS-014', 260, 0, '0000-00-00 00:00:00', '0000-00-00 00:00:00'),
(178, 20, 'TPS-015', 269, 0, '0000-00-00 00:00:00', '0000-00-00 00:00:00'),
(179, 20, 'TPS-016', 157, 0, '0000-00-00 00:00:00', '0000-00-00 00:00:00'),
(180, 20, 'TPS-017', 247, 0, '0000-00-00 00:00:00', '0000-00-00 00:00:00'),
(181, 21, 'TPS-001', 272, 0, '0000-00-00 00:00:00', '0000-00-00 00:00:00'),
(182, 21, 'TPS-002', 209, 0, '0000-00-00 00:00:00', '0000-00-00 00:00:00'),
(183, 21, 'TPS-003', 284, 0, '0000-00-00 00:00:00', '0000-00-00 00:00:00'),
(184, 21, 'TPS-004', 244, 0, '0000-00-00 00:00:00', '0000-00-00 00:00:00'),
(185, 21, 'TPS-005', 296, 0, '0000-00-00 00:00:00', '0000-00-00 00:00:00'),
(186, 21, 'TPS-006', 250, 0, '0000-00-00 00:00:00', '0000-00-00 00:00:00'),
(187, 21, 'TPS-007', 207, 0, '0000-00-00 00:00:00', '0000-00-00 00:00:00'),
(188, 21, 'TPS-008', 285, 0, '0000-00-00 00:00:00', '0000-00-00 00:00:00'),
(189, 21, 'TPS-009', 174, 0, '0000-00-00 00:00:00', '0000-00-00 00:00:00'),
(190, 21, 'TPS-010', 184, 0, '0000-00-00 00:00:00', '0000-00-00 00:00:00'),
(191, 21, 'TPS-011', 226, 0, '0000-00-00 00:00:00', '0000-00-00 00:00:00'),
(192, 21, 'TPS-012', 196, 0, '0000-00-00 00:00:00', '0000-00-00 00:00:00'),
(193, 21, 'TPS-013', 288, 0, '0000-00-00 00:00:00', '0000-00-00 00:00:00'),
(194, 21, 'TPS-014', 253, 0, '0000-00-00 00:00:00', '0000-00-00 00:00:00'),
(195, 21, 'TPS-015', 240, 0, '0000-00-00 00:00:00', '0000-00-00 00:00:00'),
(196, 21, 'TPS-016', 290, 0, '0000-00-00 00:00:00', '0000-00-00 00:00:00'),
(197, 21, 'TPS-017', 227, 0, '0000-00-00 00:00:00', '0000-00-00 00:00:00'),
(198, 21, 'TPS-018', 241, 0, '0000-00-00 00:00:00', '0000-00-00 00:00:00'),
(199, 21, 'TPS-019', 229, 0, '0000-00-00 00:00:00', '0000-00-00 00:00:00'),
(200, 21, 'TPS-020', 292, 0, '0000-00-00 00:00:00', '0000-00-00 00:00:00'),
(201, 21, 'TPS-021', 229, 0, '0000-00-00 00:00:00', '0000-00-00 00:00:00'),
(202, 21, 'TPS-022', 223, 0, '0000-00-00 00:00:00', '0000-00-00 00:00:00'),
(203, 21, 'TPS-023', 291, 0, '0000-00-00 00:00:00', '0000-00-00 00:00:00'),
(204, 21, 'TPS-024', 222, 0, '0000-00-00 00:00:00', '0000-00-00 00:00:00'),
(205, 21, 'TPS-025', 269, 0, '0000-00-00 00:00:00', '0000-00-00 00:00:00'),
(206, 21, 'TPS-026', 273, 0, '0000-00-00 00:00:00', '0000-00-00 00:00:00'),
(207, 21, 'TPS-027', 272, 0, '0000-00-00 00:00:00', '0000-00-00 00:00:00'),
(208, 21, 'TPS-028', 277, 0, '0000-00-00 00:00:00', '0000-00-00 00:00:00'),
(209, 21, 'TPS-029', 268, 0, '0000-00-00 00:00:00', '0000-00-00 00:00:00'),
(210, 21, 'TPS-030', 174, 0, '0000-00-00 00:00:00', '0000-00-00 00:00:00'),
(211, 21, 'TPS-031', 295, 0, '0000-00-00 00:00:00', '0000-00-00 00:00:00'),
(212, 22, 'TPS-001', 232, 0, '0000-00-00 00:00:00', '0000-00-00 00:00:00'),
(213, 22, 'TPS-002', 232, 0, '0000-00-00 00:00:00', '0000-00-00 00:00:00'),
(214, 22, 'TPS-003', 259, 0, '0000-00-00 00:00:00', '0000-00-00 00:00:00'),
(215, 22, 'TPS-004', 205, 0, '0000-00-00 00:00:00', '0000-00-00 00:00:00'),
(216, 22, 'TPS-005', 244, 0, '0000-00-00 00:00:00', '0000-00-00 00:00:00'),
(217, 22, 'TPS-006', 286, 0, '0000-00-00 00:00:00', '0000-00-00 00:00:00'),
(218, 22, 'TPS-007', 284, 0, '0000-00-00 00:00:00', '0000-00-00 00:00:00'),
(219, 23, 'TPS-001', 254, 0, '0000-00-00 00:00:00', '0000-00-00 00:00:00'),
(220, 23, 'TPS-002', 285, 0, '0000-00-00 00:00:00', '0000-00-00 00:00:00'),
(221, 23, 'TPS-003', 299, 0, '0000-00-00 00:00:00', '0000-00-00 00:00:00'),
(222, 23, 'TPS-004', 286, 0, '0000-00-00 00:00:00', '0000-00-00 00:00:00'),
(223, 23, 'TPS-005', 293, 0, '0000-00-00 00:00:00', '0000-00-00 00:00:00'),
(224, 23, 'TPS-006', 294, 0, '0000-00-00 00:00:00', '0000-00-00 00:00:00'),
(225, 23, 'TPS-007', 263, 0, '0000-00-00 00:00:00', '0000-00-00 00:00:00'),
(226, 23, 'TPS-008', 267, 0, '0000-00-00 00:00:00', '0000-00-00 00:00:00'),
(227, 23, 'TPS-009', 277, 0, '0000-00-00 00:00:00', '0000-00-00 00:00:00'),
(228, 23, 'TPS-010', 271, 0, '0000-00-00 00:00:00', '0000-00-00 00:00:00'),
(229, 23, 'TPS-011', 211, 0, '0000-00-00 00:00:00', '0000-00-00 00:00:00'),
(230, 23, 'TPS-012', 289, 0, '0000-00-00 00:00:00', '0000-00-00 00:00:00'),
(231, 23, 'TPS-013', 240, 0, '0000-00-00 00:00:00', '0000-00-00 00:00:00'),
(232, 23, 'TPS-014', 269, 0, '0000-00-00 00:00:00', '0000-00-00 00:00:00'),
(233, 23, 'TPS-015', 285, 0, '0000-00-00 00:00:00', '0000-00-00 00:00:00'),
(234, 23, 'TPS-016', 270, 0, '0000-00-00 00:00:00', '0000-00-00 00:00:00'),
(235, 23, 'TPS-017', 278, 0, '0000-00-00 00:00:00', '0000-00-00 00:00:00'),
(236, 23, 'TPS-018', 237, 0, '0000-00-00 00:00:00', '0000-00-00 00:00:00'),
(237, 24, 'TPS-001', 189, 0, '0000-00-00 00:00:00', '0000-00-00 00:00:00'),
(238, 24, 'TPS-002', 180, 0, '0000-00-00 00:00:00', '0000-00-00 00:00:00'),
(239, 24, 'TPS-003', 213, 0, '0000-00-00 00:00:00', '0000-00-00 00:00:00'),
(240, 24, 'TPS-004', 178, 0, '0000-00-00 00:00:00', '0000-00-00 00:00:00'),
(241, 25, 'TPS-001', 285, 0, '0000-00-00 00:00:00', '0000-00-00 00:00:00'),
(242, 25, 'TPS-002', 288, 0, '0000-00-00 00:00:00', '0000-00-00 00:00:00'),
(243, 25, 'TPS-003', 217, 0, '0000-00-00 00:00:00', '0000-00-00 00:00:00'),
(244, 25, 'TPS-004', 147, 0, '0000-00-00 00:00:00', '0000-00-00 00:00:00'),
(245, 25, 'TPS-005', 162, 0, '0000-00-00 00:00:00', '0000-00-00 00:00:00'),
(246, 25, 'TPS-006', 137, 0, '0000-00-00 00:00:00', '0000-00-00 00:00:00'),
(247, 26, 'TPS-001', 221, 0, '0000-00-00 00:00:00', '0000-00-00 00:00:00'),
(248, 26, 'TPS-002', 246, 0, '0000-00-00 00:00:00', '0000-00-00 00:00:00'),
(249, 26, 'TPS-003', 213, 0, '0000-00-00 00:00:00', '0000-00-00 00:00:00'),
(250, 26, 'TPS-004', 182, 0, '0000-00-00 00:00:00', '0000-00-00 00:00:00'),
(251, 26, 'TPS-005', 190, 0, '0000-00-00 00:00:00', '0000-00-00 00:00:00'),
(252, 27, 'TPS-001', 174, 0, '0000-00-00 00:00:00', '0000-00-00 00:00:00'),
(253, 27, 'TPS-002', 249, 0, '0000-00-00 00:00:00', '0000-00-00 00:00:00'),
(254, 27, 'TPS-003', 186, 0, '0000-00-00 00:00:00', '0000-00-00 00:00:00'),
(255, 28, 'TPS-001', 298, 0, '0000-00-00 00:00:00', '0000-00-00 00:00:00'),
(256, 28, 'TPS-002', 298, 0, '0000-00-00 00:00:00', '0000-00-00 00:00:00'),
(257, 28, 'TPS-003', 159, 0, '0000-00-00 00:00:00', '0000-00-00 00:00:00'),
(258, 28, 'TPS-004', 256, 0, '0000-00-00 00:00:00', '0000-00-00 00:00:00'),
(259, 28, 'TPS-005', 213, 0, '0000-00-00 00:00:00', '0000-00-00 00:00:00'),
(260, 28, 'TPS-006', 85, 0, '0000-00-00 00:00:00', '0000-00-00 00:00:00'),
(261, 28, 'TPS-007', 151, 0, '0000-00-00 00:00:00', '0000-00-00 00:00:00'),
(262, 29, 'TPS-001', 205, 0, '0000-00-00 00:00:00', '0000-00-00 00:00:00'),
(263, 29, 'TPS-002', 263, 0, '0000-00-00 00:00:00', '0000-00-00 00:00:00'),
(264, 29, 'TPS-003', 281, 0, '0000-00-00 00:00:00', '0000-00-00 00:00:00'),
(265, 29, 'TPS-004', 279, 0, '0000-00-00 00:00:00', '0000-00-00 00:00:00'),
(266, 29, 'TPS-005', 113, 0, '0000-00-00 00:00:00', '0000-00-00 00:00:00'),
(267, 29, 'TPS-006', 247, 0, '0000-00-00 00:00:00', '0000-00-00 00:00:00'),
(268, 29, 'TPS-007', 149, 0, '0000-00-00 00:00:00', '0000-00-00 00:00:00'),
(269, 29, 'TPS-008', 286, 0, '0000-00-00 00:00:00', '0000-00-00 00:00:00'),
(270, 30, 'TPS-001', 273, 0, '0000-00-00 00:00:00', '0000-00-00 00:00:00'),
(271, 30, 'TPS-002', 261, 0, '0000-00-00 00:00:00', '0000-00-00 00:00:00'),
(272, 30, 'TPS-003', 218, 0, '0000-00-00 00:00:00', '0000-00-00 00:00:00'),
(273, 30, 'TPS-004', 283, 0, '0000-00-00 00:00:00', '0000-00-00 00:00:00'),
(274, 30, 'TPS-005', 248, 0, '0000-00-00 00:00:00', '0000-00-00 00:00:00'),
(275, 30, 'TPS-006', 283, 0, '0000-00-00 00:00:00', '0000-00-00 00:00:00'),
(276, 30, 'TPS-007', 125, 0, '0000-00-00 00:00:00', '0000-00-00 00:00:00'),
(277, 30, 'TPS-008', 245, 0, '0000-00-00 00:00:00', '0000-00-00 00:00:00'),
(278, 30, 'TPS-009', 201, 0, '0000-00-00 00:00:00', '0000-00-00 00:00:00'),
(279, 30, 'TPS-010', 260, 0, '0000-00-00 00:00:00', '0000-00-00 00:00:00'),
(280, 30, 'TPS-011', 181, 0, '0000-00-00 00:00:00', '0000-00-00 00:00:00'),
(281, 30, 'TPS-012', 223, 0, '0000-00-00 00:00:00', '0000-00-00 00:00:00'),
(282, 31, 'TPS-001', 279, 0, '0000-00-00 00:00:00', '0000-00-00 00:00:00'),
(283, 31, 'TPS-002', 242, 0, '0000-00-00 00:00:00', '0000-00-00 00:00:00'),
(284, 31, 'TPS-003', 201, 0, '0000-00-00 00:00:00', '0000-00-00 00:00:00'),
(285, 31, 'TPS-004', 267, 0, '0000-00-00 00:00:00', '0000-00-00 00:00:00'),
(286, 31, 'TPS-005', 193, 0, '0000-00-00 00:00:00', '0000-00-00 00:00:00'),
(287, 31, 'TPS-006', 239, 0, '0000-00-00 00:00:00', '0000-00-00 00:00:00'),
(288, 31, 'TPS-007', 253, 0, '0000-00-00 00:00:00', '0000-00-00 00:00:00'),
(289, 32, 'TPS-001', 272, 0, '0000-00-00 00:00:00', '0000-00-00 00:00:00'),
(290, 32, 'TPS-002', 276, 0, '0000-00-00 00:00:00', '0000-00-00 00:00:00'),
(291, 32, 'TPS-003', 224, 0, '0000-00-00 00:00:00', '0000-00-00 00:00:00'),
(292, 32, 'TPS-004', 279, 0, '0000-00-00 00:00:00', '0000-00-00 00:00:00'),
(293, 32, 'TPS-005', 230, 0, '0000-00-00 00:00:00', '0000-00-00 00:00:00'),
(294, 33, 'TPS-001', 240, 0, '0000-00-00 00:00:00', '0000-00-00 00:00:00'),
(295, 33, 'TPS-002', 235, 0, '0000-00-00 00:00:00', '0000-00-00 00:00:00'),
(296, 33, 'TPS-003', 251, 0, '0000-00-00 00:00:00', '0000-00-00 00:00:00'),
(297, 33, 'TPS-004', 246, 0, '0000-00-00 00:00:00', '0000-00-00 00:00:00'),
(298, 33, 'TPS-005', 240, 0, '0000-00-00 00:00:00', '0000-00-00 00:00:00'),
(299, 33, 'TPS-006', 230, 0, '0000-00-00 00:00:00', '0000-00-00 00:00:00'),
(300, 33, 'TPS-007', 256, 0, '0000-00-00 00:00:00', '0000-00-00 00:00:00'),
(301, 33, 'TPS-008', 240, 0, '0000-00-00 00:00:00', '0000-00-00 00:00:00'),
(302, 33, 'TPS-009', 232, 0, '0000-00-00 00:00:00', '0000-00-00 00:00:00'),
(303, 33, 'TPS-010', 227, 0, '0000-00-00 00:00:00', '0000-00-00 00:00:00'),
(304, 33, 'TPS-011', 232, 0, '0000-00-00 00:00:00', '0000-00-00 00:00:00'),
(305, 33, 'TPS-012', 228, 0, '0000-00-00 00:00:00', '0000-00-00 00:00:00'),
(306, 34, 'TPS-001', 174, 0, '0000-00-00 00:00:00', '0000-00-00 00:00:00'),
(307, 34, 'TPS-002', 125, 0, '0000-00-00 00:00:00', '0000-00-00 00:00:00'),
(308, 34, 'TPS-003', 290, 0, '0000-00-00 00:00:00', '0000-00-00 00:00:00'),
(309, 35, 'TPS-001', 232, 0, '0000-00-00 00:00:00', '0000-00-00 00:00:00'),
(310, 35, 'TPS-002', 217, 0, '0000-00-00 00:00:00', '0000-00-00 00:00:00'),
(311, 35, 'TPS-003', 74, 0, '0000-00-00 00:00:00', '0000-00-00 00:00:00'),
(312, 35, 'TPS-004', 184, 0, '0000-00-00 00:00:00', '0000-00-00 00:00:00'),
(313, 36, 'TPS-001', 184, 0, '0000-00-00 00:00:00', '0000-00-00 00:00:00'),
(314, 36, 'TPS-002', 168, 0, '0000-00-00 00:00:00', '0000-00-00 00:00:00'),
(315, 36, 'TPS-003', 201, 0, '0000-00-00 00:00:00', '0000-00-00 00:00:00'),
(316, 36, 'TPS-004', 198, 0, '0000-00-00 00:00:00', '0000-00-00 00:00:00'),
(317, 36, 'TPS-005', 204, 0, '0000-00-00 00:00:00', '0000-00-00 00:00:00'),
(318, 36, 'TPS-006', 160, 0, '0000-00-00 00:00:00', '0000-00-00 00:00:00'),
(319, 36, 'TPS-007', 123, 0, '0000-00-00 00:00:00', '0000-00-00 00:00:00'),
(320, 36, 'TPS-008', 263, 0, '0000-00-00 00:00:00', '0000-00-00 00:00:00'),
(321, 36, 'TPS-009', 205, 0, '0000-00-00 00:00:00', '0000-00-00 00:00:00'),
(322, 36, 'TPS-010', 249, 0, '0000-00-00 00:00:00', '0000-00-00 00:00:00'),
(323, 36, 'TPS-011', 268, 0, '0000-00-00 00:00:00', '0000-00-00 00:00:00'),
(324, 36, 'TPS-012', 218, 0, '0000-00-00 00:00:00', '0000-00-00 00:00:00'),
(325, 36, 'TPS-013', 180, 0, '0000-00-00 00:00:00', '0000-00-00 00:00:00'),
(326, 36, 'TPS-014', 204, 0, '0000-00-00 00:00:00', '0000-00-00 00:00:00'),
(327, 36, 'TPS-015', 230, 0, '0000-00-00 00:00:00', '0000-00-00 00:00:00'),
(328, 36, 'TPS-016', 266, 0, '0000-00-00 00:00:00', '0000-00-00 00:00:00'),
(329, 36, 'TPS-017', 198, 0, '0000-00-00 00:00:00', '0000-00-00 00:00:00'),
(330, 36, 'TPS-018', 209, 0, '0000-00-00 00:00:00', '0000-00-00 00:00:00'),
(331, 37, 'TPS-001', 247, 0, '0000-00-00 00:00:00', '0000-00-00 00:00:00'),
(332, 37, 'TPS-002', 239, 0, '0000-00-00 00:00:00', '0000-00-00 00:00:00'),
(333, 37, 'TPS-003', 202, 0, '0000-00-00 00:00:00', '0000-00-00 00:00:00'),
(334, 38, 'TPS-001', 232, 0, '0000-00-00 00:00:00', '0000-00-00 00:00:00'),
(335, 38, 'TPS-002', 196, 0, '0000-00-00 00:00:00', '0000-00-00 00:00:00'),
(336, 38, 'TPS-003', 200, 0, '0000-00-00 00:00:00', '0000-00-00 00:00:00'),
(337, 38, 'TPS-004', 248, 0, '0000-00-00 00:00:00', '0000-00-00 00:00:00'),
(338, 39, 'TPS-001', 254, 0, '0000-00-00 00:00:00', '0000-00-00 00:00:00'),
(339, 39, 'TPS-002', 206, 0, '0000-00-00 00:00:00', '0000-00-00 00:00:00'),
(340, 39, 'TPS-003', 234, 0, '0000-00-00 00:00:00', '0000-00-00 00:00:00'),
(341, 39, 'TPS-004', 173, 0, '0000-00-00 00:00:00', '0000-00-00 00:00:00'),
(342, 39, 'TPS-005', 220, 0, '0000-00-00 00:00:00', '0000-00-00 00:00:00'),
(343, 39, 'TPS-006', 254, 0, '0000-00-00 00:00:00', '0000-00-00 00:00:00'),
(344, 39, 'TPS-007', 236, 0, '0000-00-00 00:00:00', '0000-00-00 00:00:00'),
(345, 39, 'TPS-008', 245, 0, '0000-00-00 00:00:00', '0000-00-00 00:00:00'),
(346, 39, 'TPS-009', 145, 0, '0000-00-00 00:00:00', '0000-00-00 00:00:00'),
(347, 40, 'TPS-001', 208, 0, '0000-00-00 00:00:00', '0000-00-00 00:00:00'),
(348, 40, 'TPS-002', 243, 0, '0000-00-00 00:00:00', '0000-00-00 00:00:00'),
(349, 40, 'TPS-003', 142, 0, '0000-00-00 00:00:00', '0000-00-00 00:00:00'),
(350, 40, 'TPS-004', 239, 0, '0000-00-00 00:00:00', '0000-00-00 00:00:00'),
(351, 40, 'TPS-005', 131, 0, '0000-00-00 00:00:00', '0000-00-00 00:00:00'),
(352, 40, 'TPS-006', 103, 0, '0000-00-00 00:00:00', '0000-00-00 00:00:00'),
(353, 40, 'TPS-007', 146, 0, '0000-00-00 00:00:00', '0000-00-00 00:00:00'),
(354, 40, 'TPS-008', 143, 0, '0000-00-00 00:00:00', '0000-00-00 00:00:00'),
(355, 40, 'TPS-009', 150, 0, '0000-00-00 00:00:00', '0000-00-00 00:00:00'),
(356, 41, 'TPS-001', 256, 0, '0000-00-00 00:00:00', '0000-00-00 00:00:00'),
(357, 41, 'TPS-002', 254, 0, '0000-00-00 00:00:00', '0000-00-00 00:00:00'),
(358, 41, 'TPS-003', 269, 0, '0000-00-00 00:00:00', '0000-00-00 00:00:00'),
(359, 41, 'TPS-004', 202, 0, '0000-00-00 00:00:00', '0000-00-00 00:00:00'),
(360, 41, 'TPS-005', 231, 0, '0000-00-00 00:00:00', '0000-00-00 00:00:00'),
(361, 41, 'TPS-006', 271, 0, '0000-00-00 00:00:00', '0000-00-00 00:00:00'),
(362, 41, 'TPS-007', 249, 0, '0000-00-00 00:00:00', '0000-00-00 00:00:00'),
(363, 41, 'TPS-008', 209, 0, '0000-00-00 00:00:00', '0000-00-00 00:00:00'),
(364, 41, 'TPS-009', 212, 0, '0000-00-00 00:00:00', '0000-00-00 00:00:00'),
(365, 42, 'TPS-001', 281, 0, '0000-00-00 00:00:00', '0000-00-00 00:00:00'),
(366, 42, 'TPS-002', 278, 0, '0000-00-00 00:00:00', '0000-00-00 00:00:00'),
(367, 42, 'TPS-003', 286, 0, '0000-00-00 00:00:00', '0000-00-00 00:00:00'),
(368, 42, 'TPS-004', 238, 0, '0000-00-00 00:00:00', '0000-00-00 00:00:00'),
(369, 42, 'TPS-005', 222, 0, '0000-00-00 00:00:00', '0000-00-00 00:00:00'),
(370, 42, 'TPS-006', 225, 0, '0000-00-00 00:00:00', '0000-00-00 00:00:00'),
(371, 42, 'TPS-007', 232, 0, '0000-00-00 00:00:00', '0000-00-00 00:00:00'),
(372, 42, 'TPS-008', 214, 0, '0000-00-00 00:00:00', '0000-00-00 00:00:00'),
(373, 42, 'TPS-009', 239, 0, '0000-00-00 00:00:00', '0000-00-00 00:00:00'),
(374, 42, 'TPS-010', 158, 0, '0000-00-00 00:00:00', '0000-00-00 00:00:00'),
(375, 43, 'TPS-001', 243, 0, '0000-00-00 00:00:00', '0000-00-00 00:00:00'),
(376, 43, 'TPS-001', 248, 0, '0000-00-00 00:00:00', '0000-00-00 00:00:00'),
(377, 43, 'TPS-002', 261, 0, '0000-00-00 00:00:00', '0000-00-00 00:00:00'),
(378, 43, 'TPS-002', 201, 0, '0000-00-00 00:00:00', '0000-00-00 00:00:00'),
(379, 43, 'TPS-003', 226, 0, '0000-00-00 00:00:00', '0000-00-00 00:00:00'),
(380, 43, 'TPS-003', 162, 0, '0000-00-00 00:00:00', '0000-00-00 00:00:00'),
(381, 43, 'TPS-004', 222, 0, '0000-00-00 00:00:00', '0000-00-00 00:00:00'),
(382, 43, 'TPS-004', 222, 0, '0000-00-00 00:00:00', '0000-00-00 00:00:00'),
(383, 43, 'TPS-005', 271, 0, '0000-00-00 00:00:00', '0000-00-00 00:00:00'),
(384, 43, 'TPS-005', 221, 0, '0000-00-00 00:00:00', '0000-00-00 00:00:00'),
(385, 44, 'TPS-001', 241, 0, '0000-00-00 00:00:00', '0000-00-00 00:00:00'),
(386, 44, 'TPS-002', 220, 0, '0000-00-00 00:00:00', '0000-00-00 00:00:00'),
(387, 44, 'TPS-003', 221, 0, '0000-00-00 00:00:00', '0000-00-00 00:00:00'),
(388, 44, 'TPS-004', 251, 0, '0000-00-00 00:00:00', '0000-00-00 00:00:00'),
(389, 44, 'TPS-005', 208, 0, '0000-00-00 00:00:00', '0000-00-00 00:00:00'),
(390, 45, 'TPS-001', 261, 0, '0000-00-00 00:00:00', '0000-00-00 00:00:00'),
(391, 45, 'TPS-002', 238, 0, '0000-00-00 00:00:00', '0000-00-00 00:00:00'),
(392, 45, 'TPS-003', 240, 0, '0000-00-00 00:00:00', '0000-00-00 00:00:00'),
(393, 45, 'TPS-004', 245, 0, '0000-00-00 00:00:00', '0000-00-00 00:00:00'),
(394, 45, 'TPS-005', 250, 0, '0000-00-00 00:00:00', '0000-00-00 00:00:00'),
(395, 45, 'TPS-006', 179, 0, '0000-00-00 00:00:00', '0000-00-00 00:00:00'),
(396, 45, 'TPS-007', 269, 0, '0000-00-00 00:00:00', '0000-00-00 00:00:00'),
(397, 45, 'TPS-008', 223, 0, '0000-00-00 00:00:00', '0000-00-00 00:00:00'),
(398, 45, 'TPS-009', 288, 0, '0000-00-00 00:00:00', '0000-00-00 00:00:00'),
(399, 46, 'TPS-001', 234, 0, '0000-00-00 00:00:00', '0000-00-00 00:00:00'),
(400, 46, 'TPS-002', 221, 0, '0000-00-00 00:00:00', '0000-00-00 00:00:00'),
(401, 46, 'TPS-003', 251, 0, '0000-00-00 00:00:00', '0000-00-00 00:00:00'),
(402, 46, 'TPS-004', 264, 0, '0000-00-00 00:00:00', '0000-00-00 00:00:00'),
(403, 46, 'TPS-005', 291, 0, '0000-00-00 00:00:00', '0000-00-00 00:00:00'),
(404, 46, 'TPS-006', 222, 0, '0000-00-00 00:00:00', '0000-00-00 00:00:00'),
(405, 46, 'TPS-007', 241, 0, '0000-00-00 00:00:00', '0000-00-00 00:00:00'),
(406, 46, 'TPS-008', 276, 0, '0000-00-00 00:00:00', '0000-00-00 00:00:00'),
(407, 46, 'TPS-009', 207, 0, '0000-00-00 00:00:00', '0000-00-00 00:00:00'),
(408, 46, 'TPS-010', 231, 0, '0000-00-00 00:00:00', '0000-00-00 00:00:00'),
(409, 47, 'TPS-001', 167, 0, '0000-00-00 00:00:00', '0000-00-00 00:00:00'),
(410, 47, 'TPS-002', 267, 0, '0000-00-00 00:00:00', '0000-00-00 00:00:00'),
(411, 47, 'TPS-003', 250, 0, '0000-00-00 00:00:00', '0000-00-00 00:00:00'),
(412, 47, 'TPS-004', 291, 0, '0000-00-00 00:00:00', '0000-00-00 00:00:00'),
(413, 47, 'TPS-005', 225, 0, '0000-00-00 00:00:00', '0000-00-00 00:00:00'),
(414, 47, 'TPS-006', 270, 0, '0000-00-00 00:00:00', '0000-00-00 00:00:00'),
(415, 47, 'TPS-007', 288, 0, '0000-00-00 00:00:00', '0000-00-00 00:00:00'),
(416, 47, 'TPS-008', 260, 0, '0000-00-00 00:00:00', '0000-00-00 00:00:00'),
(417, 47, 'TPS-009', 260, 0, '0000-00-00 00:00:00', '0000-00-00 00:00:00'),
(418, 47, 'TPS-010', 289, 0, '0000-00-00 00:00:00', '0000-00-00 00:00:00'),
(419, 47, 'TPS-011', 272, 0, '0000-00-00 00:00:00', '0000-00-00 00:00:00'),
(420, 48, 'TPS-001', 149, 0, '0000-00-00 00:00:00', '0000-00-00 00:00:00'),
(421, 48, 'TPS-002', 173, 0, '0000-00-00 00:00:00', '0000-00-00 00:00:00'),
(422, 48, 'TPS-003', 251, 0, '0000-00-00 00:00:00', '0000-00-00 00:00:00'),
(423, 49, 'TPS-001', 211, 0, '0000-00-00 00:00:00', '0000-00-00 00:00:00'),
(424, 49, 'TPS-002', 190, 0, '0000-00-00 00:00:00', '0000-00-00 00:00:00'),
(425, 49, 'TPS-003', 260, 0, '0000-00-00 00:00:00', '0000-00-00 00:00:00'),
(426, 49, 'TPS-004', 213, 0, '0000-00-00 00:00:00', '0000-00-00 00:00:00'),
(427, 49, 'TPS-005', 221, 0, '0000-00-00 00:00:00', '0000-00-00 00:00:00'),
(428, 49, 'TPS-006', 209, 0, '0000-00-00 00:00:00', '0000-00-00 00:00:00'),
(429, 49, 'TPS-007', 242, 0, '0000-00-00 00:00:00', '0000-00-00 00:00:00'),
(430, 49, 'TPS-008', 208, 0, '0000-00-00 00:00:00', '0000-00-00 00:00:00'),
(431, 50, 'TPS-001', 224, 0, '0000-00-00 00:00:00', '0000-00-00 00:00:00'),
(432, 50, 'TPS-002', 205, 0, '0000-00-00 00:00:00', '0000-00-00 00:00:00'),
(433, 50, 'TPS-003', 238, 0, '0000-00-00 00:00:00', '0000-00-00 00:00:00'),
(434, 50, 'TPS-004', 217, 0, '0000-00-00 00:00:00', '0000-00-00 00:00:00'),
(435, 51, 'TPS-001', 208, 0, '0000-00-00 00:00:00', '0000-00-00 00:00:00'),
(436, 51, 'TPS-002', 268, 0, '0000-00-00 00:00:00', '0000-00-00 00:00:00'),
(437, 51, 'TPS-003', 185, 0, '0000-00-00 00:00:00', '0000-00-00 00:00:00'),
(438, 51, 'TPS-004', 237, 0, '0000-00-00 00:00:00', '0000-00-00 00:00:00'),
(439, 51, 'TPS-005', 223, 0, '0000-00-00 00:00:00', '0000-00-00 00:00:00'),
(440, 51, 'TPS-006', 212, 0, '0000-00-00 00:00:00', '0000-00-00 00:00:00'),
(441, 51, 'TPS-007', 288, 0, '0000-00-00 00:00:00', '0000-00-00 00:00:00'),
(442, 52, 'TPS-001', 204, 0, '0000-00-00 00:00:00', '0000-00-00 00:00:00'),
(443, 52, 'TPS-002', 273, 0, '0000-00-00 00:00:00', '0000-00-00 00:00:00'),
(444, 52, 'TPS-003', 281, 0, '0000-00-00 00:00:00', '0000-00-00 00:00:00'),
(445, 52, 'TPS-004', 143, 0, '0000-00-00 00:00:00', '0000-00-00 00:00:00'),
(446, 52, 'TPS-005', 215, 0, '0000-00-00 00:00:00', '0000-00-00 00:00:00'),
(447, 52, 'TPS-006', 266, 0, '0000-00-00 00:00:00', '0000-00-00 00:00:00'),
(448, 52, 'TPS-007', 288, 0, '0000-00-00 00:00:00', '0000-00-00 00:00:00'),
(449, 52, 'TPS-008', 257, 0, '0000-00-00 00:00:00', '0000-00-00 00:00:00'),
(450, 52, 'TPS-009', 290, 0, '0000-00-00 00:00:00', '0000-00-00 00:00:00'),
(451, 52, 'TPS-010', 266, 0, '0000-00-00 00:00:00', '0000-00-00 00:00:00'),
(452, 52, 'TPS-011', 237, 0, '0000-00-00 00:00:00', '0000-00-00 00:00:00'),
(453, 52, 'TPS-012', 201, 0, '0000-00-00 00:00:00', '0000-00-00 00:00:00'),
(454, 52, 'TPS-013', 265, 0, '0000-00-00 00:00:00', '0000-00-00 00:00:00'),
(455, 52, 'TPS-014', 120, 0, '0000-00-00 00:00:00', '0000-00-00 00:00:00'),
(456, 52, 'TPS-015', 250, 0, '0000-00-00 00:00:00', '0000-00-00 00:00:00'),
(457, 52, 'TPS-016', 163, 0, '0000-00-00 00:00:00', '0000-00-00 00:00:00'),
(458, 52, 'TPS-017', 227, 0, '0000-00-00 00:00:00', '0000-00-00 00:00:00'),
(459, 52, 'TPS-018', 239, 0, '0000-00-00 00:00:00', '0000-00-00 00:00:00'),
(460, 53, 'TPS-001', 162, 0, '0000-00-00 00:00:00', '0000-00-00 00:00:00'),
(461, 53, 'TPS-002', 218, 0, '0000-00-00 00:00:00', '0000-00-00 00:00:00'),
(462, 53, 'TPS-003', 185, 0, '0000-00-00 00:00:00', '0000-00-00 00:00:00'),
(463, 53, 'TPS-004', 248, 0, '0000-00-00 00:00:00', '0000-00-00 00:00:00'),
(464, 53, 'TPS-005', 164, 0, '0000-00-00 00:00:00', '0000-00-00 00:00:00'),
(465, 53, 'TPS-006', 252, 0, '0000-00-00 00:00:00', '0000-00-00 00:00:00'),
(466, 53, 'TPS-007', 282, 0, '0000-00-00 00:00:00', '0000-00-00 00:00:00'),
(467, 53, 'TPS-008', 290, 0, '0000-00-00 00:00:00', '0000-00-00 00:00:00'),
(468, 53, 'TPS-009', 238, 0, '0000-00-00 00:00:00', '0000-00-00 00:00:00'),
(469, 53, 'TPS-010', 279, 0, '0000-00-00 00:00:00', '0000-00-00 00:00:00'),
(470, 53, 'TPS-011', 182, 0, '0000-00-00 00:00:00', '0000-00-00 00:00:00'),
(471, 54, 'TPS-001', 174, 0, '0000-00-00 00:00:00', '0000-00-00 00:00:00'),
(472, 54, 'TPS-002', 190, 0, '0000-00-00 00:00:00', '0000-00-00 00:00:00'),
(473, 54, 'TPS-003', 277, 0, '0000-00-00 00:00:00', '0000-00-00 00:00:00'),
(474, 54, 'TPS-004', 178, 0, '0000-00-00 00:00:00', '0000-00-00 00:00:00'),
(475, 54, 'TPS-005', 195, 0, '0000-00-00 00:00:00', '0000-00-00 00:00:00'),
(476, 54, 'TPS-006', 283, 0, '0000-00-00 00:00:00', '0000-00-00 00:00:00'),
(477, 55, 'TPS-001', 278, 0, '0000-00-00 00:00:00', '0000-00-00 00:00:00'),
(478, 55, 'TPS-002', 209, 0, '0000-00-00 00:00:00', '0000-00-00 00:00:00'),
(479, 55, 'TPS-003', 236, 0, '0000-00-00 00:00:00', '0000-00-00 00:00:00'),
(480, 55, 'TPS-004', 253, 0, '0000-00-00 00:00:00', '0000-00-00 00:00:00'),
(481, 55, 'TPS-005', 284, 0, '0000-00-00 00:00:00', '0000-00-00 00:00:00'),
(482, 55, 'TPS-006', 286, 0, '0000-00-00 00:00:00', '0000-00-00 00:00:00'),
(483, 55, 'TPS-007', 251, 0, '0000-00-00 00:00:00', '0000-00-00 00:00:00'),
(484, 55, 'TPS-008', 291, 0, '0000-00-00 00:00:00', '0000-00-00 00:00:00'),
(485, 55, 'TPS-009', 285, 0, '0000-00-00 00:00:00', '0000-00-00 00:00:00'),
(486, 56, 'TPS-001', 160, 0, '0000-00-00 00:00:00', '0000-00-00 00:00:00'),
(487, 56, 'TPS-002', 236, 0, '0000-00-00 00:00:00', '0000-00-00 00:00:00'),
(488, 56, 'TPS-003', 248, 0, '0000-00-00 00:00:00', '0000-00-00 00:00:00'),
(489, 56, 'TPS-004', 239, 0, '0000-00-00 00:00:00', '0000-00-00 00:00:00'),
(490, 56, 'TPS-005', 279, 0, '0000-00-00 00:00:00', '0000-00-00 00:00:00'),
(491, 56, 'TPS-006', 280, 0, '0000-00-00 00:00:00', '0000-00-00 00:00:00'),
(492, 57, 'TPS-001', 219, 0, '0000-00-00 00:00:00', '0000-00-00 00:00:00'),
(493, 57, 'TPS-002', 193, 0, '0000-00-00 00:00:00', '0000-00-00 00:00:00'),
(494, 57, 'TPS-003', 218, 0, '0000-00-00 00:00:00', '0000-00-00 00:00:00'),
(495, 57, 'TPS-004', 242, 0, '0000-00-00 00:00:00', '0000-00-00 00:00:00'),
(496, 57, 'TPS-005', 256, 0, '0000-00-00 00:00:00', '0000-00-00 00:00:00'),
(497, 57, 'TPS-006', 266, 0, '0000-00-00 00:00:00', '0000-00-00 00:00:00'),
(498, 58, 'TPS-001', 144, 0, '0000-00-00 00:00:00', '0000-00-00 00:00:00'),
(499, 58, 'TPS-002', 186, 0, '0000-00-00 00:00:00', '0000-00-00 00:00:00'),
(500, 58, 'TPS-003', 192, 0, '0000-00-00 00:00:00', '0000-00-00 00:00:00'),
(501, 58, 'TPS-004', 82, 0, '0000-00-00 00:00:00', '0000-00-00 00:00:00'),
(502, 58, 'TPS-005', 114, 0, '0000-00-00 00:00:00', '0000-00-00 00:00:00'),
(503, 59, 'TPS-001', 229, 0, '0000-00-00 00:00:00', '0000-00-00 00:00:00'),
(504, 59, 'TPS-002', 256, 0, '0000-00-00 00:00:00', '0000-00-00 00:00:00'),
(505, 59, 'TPS-003', 179, 0, '0000-00-00 00:00:00', '0000-00-00 00:00:00'),
(506, 59, 'TPS-004', 289, 0, '0000-00-00 00:00:00', '0000-00-00 00:00:00'),
(507, 60, 'TPS-001', 190, 0, '0000-00-00 00:00:00', '0000-00-00 00:00:00'),
(508, 60, 'TPS-002', 152, 0, '0000-00-00 00:00:00', '0000-00-00 00:00:00'),
(509, 60, 'TPS-003', 270, 0, '0000-00-00 00:00:00', '0000-00-00 00:00:00'),
(510, 60, 'TPS-004', 205, 0, '0000-00-00 00:00:00', '0000-00-00 00:00:00'),
(511, 60, 'TPS-005', 195, 0, '0000-00-00 00:00:00', '0000-00-00 00:00:00'),
(512, 61, 'TPS-001', 197, 0, '0000-00-00 00:00:00', '0000-00-00 00:00:00'),
(513, 61, 'TPS-002', 191, 0, '0000-00-00 00:00:00', '0000-00-00 00:00:00'),
(514, 62, 'TPS-001', 248, 0, '0000-00-00 00:00:00', '0000-00-00 00:00:00'),
(515, 62, 'TPS-002', 229, 0, '0000-00-00 00:00:00', '0000-00-00 00:00:00'),
(516, 62, 'TPS-003', 234, 0, '0000-00-00 00:00:00', '0000-00-00 00:00:00'),
(517, 63, 'TPS-001', 276, 0, '0000-00-00 00:00:00', '0000-00-00 00:00:00'),
(518, 63, 'TPS-002', 258, 0, '0000-00-00 00:00:00', '0000-00-00 00:00:00'),
(519, 63, 'TPS-003', 286, 0, '0000-00-00 00:00:00', '0000-00-00 00:00:00'),
(520, 63, 'TPS-004', 281, 0, '0000-00-00 00:00:00', '0000-00-00 00:00:00'),
(521, 64, 'TPS-001', 271, 0, '0000-00-00 00:00:00', '0000-00-00 00:00:00'),
(522, 64, 'TPS-002', 210, 0, '0000-00-00 00:00:00', '0000-00-00 00:00:00'),
(523, 64, 'TPS-003', 184, 0, '0000-00-00 00:00:00', '0000-00-00 00:00:00'),
(524, 64, 'TPS-004', 138, 0, '0000-00-00 00:00:00', '0000-00-00 00:00:00'),
(525, 64, 'TPS-005', 289, 0, '0000-00-00 00:00:00', '0000-00-00 00:00:00'),
(526, 64, 'TPS-006', 187, 0, '0000-00-00 00:00:00', '0000-00-00 00:00:00'),
(527, 64, 'TPS-007', 270, 0, '0000-00-00 00:00:00', '0000-00-00 00:00:00'),
(528, 64, 'TPS-008', 281, 0, '0000-00-00 00:00:00', '0000-00-00 00:00:00'),
(529, 64, 'TPS-009', 229, 0, '0000-00-00 00:00:00', '0000-00-00 00:00:00'),
(530, 64, 'TPS-010', 181, 0, '0000-00-00 00:00:00', '0000-00-00 00:00:00'),
(531, 65, 'TPS-001', 299, 0, '0000-00-00 00:00:00', '0000-00-00 00:00:00'),
(532, 65, 'TPS-002', 298, 0, '0000-00-00 00:00:00', '0000-00-00 00:00:00'),
(533, 65, 'TPS-003', 295, 0, '0000-00-00 00:00:00', '0000-00-00 00:00:00'),
(534, 66, 'TPS-001', 210, 0, '0000-00-00 00:00:00', '0000-00-00 00:00:00'),
(535, 66, 'TPS-002', 212, 0, '0000-00-00 00:00:00', '0000-00-00 00:00:00'),
(536, 66, 'TPS-003', 210, 0, '0000-00-00 00:00:00', '0000-00-00 00:00:00'),
(537, 66, 'TPS-004', 252, 0, '0000-00-00 00:00:00', '0000-00-00 00:00:00'),
(538, 66, 'TPS-005', 274, 0, '0000-00-00 00:00:00', '0000-00-00 00:00:00'),
(539, 66, 'TPS-006', 261, 0, '0000-00-00 00:00:00', '0000-00-00 00:00:00'),
(540, 66, 'TPS-007', 273, 0, '0000-00-00 00:00:00', '0000-00-00 00:00:00'),
(541, 66, 'TPS-008', 259, 0, '0000-00-00 00:00:00', '0000-00-00 00:00:00'),
(542, 66, 'TPS-009', 256, 0, '0000-00-00 00:00:00', '0000-00-00 00:00:00'),
(543, 67, 'TPS-001', 202, 0, '0000-00-00 00:00:00', '0000-00-00 00:00:00'),
(544, 67, 'TPS-002', 205, 0, '0000-00-00 00:00:00', '0000-00-00 00:00:00'),
(545, 67, 'TPS-003', 241, 0, '0000-00-00 00:00:00', '0000-00-00 00:00:00'),
(546, 67, 'TPS-004', 232, 0, '0000-00-00 00:00:00', '0000-00-00 00:00:00'),
(547, 67, 'TPS-005', 247, 0, '0000-00-00 00:00:00', '0000-00-00 00:00:00'),
(548, 68, 'TPS-001', 201, 0, '0000-00-00 00:00:00', '0000-00-00 00:00:00'),
(549, 68, 'TPS-002', 146, 0, '0000-00-00 00:00:00', '0000-00-00 00:00:00'),
(550, 68, 'TPS-003', 139, 0, '0000-00-00 00:00:00', '0000-00-00 00:00:00'),
(551, 68, 'TPS-004', 136, 0, '0000-00-00 00:00:00', '0000-00-00 00:00:00'),
(552, 68, 'TPS-005', 150, 0, '0000-00-00 00:00:00', '0000-00-00 00:00:00'),
(553, 68, 'TPS-006', 183, 0, '0000-00-00 00:00:00', '0000-00-00 00:00:00'),
(554, 69, 'TPS-001', 168, 0, '0000-00-00 00:00:00', '0000-00-00 00:00:00'),
(555, 69, 'TPS-002', 210, 0, '0000-00-00 00:00:00', '0000-00-00 00:00:00'),
(556, 69, 'TPS-003', 231, 0, '0000-00-00 00:00:00', '0000-00-00 00:00:00'),
(557, 69, 'TPS-004', 129, 0, '0000-00-00 00:00:00', '0000-00-00 00:00:00'),
(558, 69, 'TPS-005', 210, 0, '0000-00-00 00:00:00', '0000-00-00 00:00:00'),
(559, 70, 'TPS-001', 141, 0, '0000-00-00 00:00:00', '0000-00-00 00:00:00'),
(560, 70, 'TPS-002', 205, 0, '0000-00-00 00:00:00', '0000-00-00 00:00:00'),
(561, 70, 'TPS-003', 240, 0, '0000-00-00 00:00:00', '0000-00-00 00:00:00'),
(562, 70, 'TPS-004', 260, 0, '0000-00-00 00:00:00', '0000-00-00 00:00:00'),
(563, 70, 'TPS-005', 198, 0, '0000-00-00 00:00:00', '0000-00-00 00:00:00'),
(564, 70, 'TPS-006', 270, 0, '0000-00-00 00:00:00', '0000-00-00 00:00:00'),
(565, 71, 'TPS-001', 256, 0, '0000-00-00 00:00:00', '0000-00-00 00:00:00'),
(566, 71, 'TPS-002', 250, 0, '0000-00-00 00:00:00', '0000-00-00 00:00:00'),
(567, 72, 'TPS-001', 199, 0, '0000-00-00 00:00:00', '0000-00-00 00:00:00'),
(568, 72, 'TPS-002', 222, 0, '0000-00-00 00:00:00', '0000-00-00 00:00:00'),
(569, 72, 'TPS-003', 223, 0, '0000-00-00 00:00:00', '0000-00-00 00:00:00'),
(570, 72, 'TPS-004', 241, 0, '0000-00-00 00:00:00', '0000-00-00 00:00:00'),
(571, 72, 'TPS-005', 247, 0, '0000-00-00 00:00:00', '0000-00-00 00:00:00'),
(572, 72, 'TPS-006', 249, 0, '0000-00-00 00:00:00', '0000-00-00 00:00:00'),
(573, 72, 'TPS-007', 235, 0, '0000-00-00 00:00:00', '0000-00-00 00:00:00'),
(574, 72, 'TPS-008', 238, 0, '0000-00-00 00:00:00', '0000-00-00 00:00:00'),
(575, 72, 'TPS-009', 260, 0, '0000-00-00 00:00:00', '0000-00-00 00:00:00'),
(576, 73, 'TPS-001', 165, 0, '0000-00-00 00:00:00', '0000-00-00 00:00:00'),
(577, 73, 'TPS-002', 179, 0, '0000-00-00 00:00:00', '0000-00-00 00:00:00'),
(578, 74, 'TPS-001', 228, 0, '0000-00-00 00:00:00', '0000-00-00 00:00:00'),
(579, 74, 'TPS-002', 206, 0, '0000-00-00 00:00:00', '0000-00-00 00:00:00'),
(580, 75, 'TPS-001', 220, 0, '0000-00-00 00:00:00', '0000-00-00 00:00:00'),
(581, 75, 'TPS-002', 240, 0, '0000-00-00 00:00:00', '0000-00-00 00:00:00'),
(582, 75, 'TPS-003', 252, 0, '0000-00-00 00:00:00', '0000-00-00 00:00:00'),
(583, 75, 'TPS-004', 249, 0, '0000-00-00 00:00:00', '0000-00-00 00:00:00'),
(584, 75, 'TPS-005', 261, 0, '0000-00-00 00:00:00', '0000-00-00 00:00:00'),
(585, 75, 'TPS-006', 260, 0, '0000-00-00 00:00:00', '0000-00-00 00:00:00'),
(586, 75, 'TPS-007', 265, 0, '0000-00-00 00:00:00', '0000-00-00 00:00:00'),
(587, 76, 'TPS-001', 279, 0, '0000-00-00 00:00:00', '0000-00-00 00:00:00'),
(588, 76, 'TPS-002', 212, 0, '0000-00-00 00:00:00', '0000-00-00 00:00:00'),
(589, 76, 'TPS-003', 264, 0, '0000-00-00 00:00:00', '0000-00-00 00:00:00'),
(590, 76, 'TPS-004', 247, 0, '0000-00-00 00:00:00', '0000-00-00 00:00:00'),
(591, 76, 'TPS-005', 253, 0, '0000-00-00 00:00:00', '0000-00-00 00:00:00'),
(592, 76, 'TPS-006', 236, 0, '0000-00-00 00:00:00', '0000-00-00 00:00:00'),
(593, 76, 'TPS-007', 241, 0, '0000-00-00 00:00:00', '0000-00-00 00:00:00'),
(594, 76, 'TPS-008', 227, 0, '0000-00-00 00:00:00', '0000-00-00 00:00:00'),
(595, 76, 'TPS-009', 209, 0, '0000-00-00 00:00:00', '0000-00-00 00:00:00'),
(596, 77, 'TPS-001', 197, 0, '0000-00-00 00:00:00', '0000-00-00 00:00:00'),
(597, 77, 'TPS-002', 194, 0, '0000-00-00 00:00:00', '0000-00-00 00:00:00'),
(598, 77, 'TPS-003', 168, 0, '0000-00-00 00:00:00', '0000-00-00 00:00:00'),
(599, 78, 'TPS-001', 149, 0, '0000-00-00 00:00:00', '0000-00-00 00:00:00'),
(600, 78, 'TPS-002', 164, 0, '0000-00-00 00:00:00', '0000-00-00 00:00:00'),
(601, 79, 'TPS-001', 208, 0, '0000-00-00 00:00:00', '0000-00-00 00:00:00'),
(602, 79, 'TPS-002', 201, 0, '0000-00-00 00:00:00', '0000-00-00 00:00:00'),
(603, 79, 'TPS-003', 177, 0, '0000-00-00 00:00:00', '0000-00-00 00:00:00'),
(604, 80, 'TPS-001', 282, 0, '0000-00-00 00:00:00', '0000-00-00 00:00:00'),
(605, 80, 'TPS-002', 259, 0, '0000-00-00 00:00:00', '0000-00-00 00:00:00'),
(606, 80, 'TPS-003', 280, 0, '0000-00-00 00:00:00', '0000-00-00 00:00:00'),
(607, 80, 'TPS-004', 292, 0, '0000-00-00 00:00:00', '0000-00-00 00:00:00'),
(608, 81, 'TPS-001', 255, 0, '0000-00-00 00:00:00', '0000-00-00 00:00:00'),
(609, 82, 'TPS-001', 175, 0, '0000-00-00 00:00:00', '0000-00-00 00:00:00'),
(610, 82, 'TPS-002', 187, 0, '0000-00-00 00:00:00', '0000-00-00 00:00:00'),
(611, 82, 'TPS-003', 241, 0, '0000-00-00 00:00:00', '0000-00-00 00:00:00'),
(612, 82, 'TPS-004', 234, 0, '0000-00-00 00:00:00', '0000-00-00 00:00:00'),
(613, 83, 'TPS-001', 207, 0, '0000-00-00 00:00:00', '0000-00-00 00:00:00'),
(614, 83, 'TPS-002', 206, 0, '0000-00-00 00:00:00', '0000-00-00 00:00:00'),
(615, 83, 'TPS-003', 214, 0, '0000-00-00 00:00:00', '0000-00-00 00:00:00'),
(616, 83, 'TPS-004', 235, 0, '0000-00-00 00:00:00', '0000-00-00 00:00:00'),
(617, 83, 'TPS-005', 264, 0, '0000-00-00 00:00:00', '0000-00-00 00:00:00'),
(618, 84, 'TPS-001', 227, 0, '0000-00-00 00:00:00', '0000-00-00 00:00:00'),
(619, 84, 'TPS-002', 233, 0, '0000-00-00 00:00:00', '0000-00-00 00:00:00'),
(620, 84, 'TPS-003', 291, 0, '0000-00-00 00:00:00', '0000-00-00 00:00:00'),
(621, 84, 'TPS-004', 287, 0, '0000-00-00 00:00:00', '0000-00-00 00:00:00'),
(622, 84, 'TPS-005', 230, 0, '0000-00-00 00:00:00', '0000-00-00 00:00:00'),
(623, 84, 'TPS-006', 201, 0, '0000-00-00 00:00:00', '0000-00-00 00:00:00'),
(624, 84, 'TPS-007', 278, 0, '0000-00-00 00:00:00', '0000-00-00 00:00:00'),
(625, 85, 'TPS-001', 247, 0, '0000-00-00 00:00:00', '0000-00-00 00:00:00'),
(626, 85, 'TPS-002', 257, 0, '0000-00-00 00:00:00', '0000-00-00 00:00:00'),
(627, 86, 'TPS-001', 273, 0, '0000-00-00 00:00:00', '0000-00-00 00:00:00'),
(628, 86, 'TPS-002', 272, 0, '0000-00-00 00:00:00', '0000-00-00 00:00:00'),
(629, 86, 'TPS-003', 271, 0, '0000-00-00 00:00:00', '0000-00-00 00:00:00'),
(630, 86, 'TPS-004', 269, 0, '0000-00-00 00:00:00', '0000-00-00 00:00:00'),
(631, 87, 'TPS-001', 284, 0, '0000-00-00 00:00:00', '0000-00-00 00:00:00'),
(632, 87, 'TPS-002', 291, 0, '0000-00-00 00:00:00', '0000-00-00 00:00:00'),
(633, 87, 'TPS-003', 289, 0, '0000-00-00 00:00:00', '0000-00-00 00:00:00'),
(634, 87, 'TPS-004', 288, 0, '0000-00-00 00:00:00', '0000-00-00 00:00:00'),
(635, 87, 'TPS-005', 191, 0, '0000-00-00 00:00:00', '0000-00-00 00:00:00'),
(636, 87, 'TPS-006', 210, 0, '0000-00-00 00:00:00', '0000-00-00 00:00:00'),
(637, 88, 'TPS-001', 244, 0, '0000-00-00 00:00:00', '0000-00-00 00:00:00'),
(638, 89, 'TPS-001', 251, 0, '0000-00-00 00:00:00', '0000-00-00 00:00:00'),
(639, 89, 'TPS-002', 241, 0, '0000-00-00 00:00:00', '0000-00-00 00:00:00'),
(640, 89, 'TPS-003', 296, 0, '0000-00-00 00:00:00', '0000-00-00 00:00:00'),
(641, 89, 'TPS-004', 282, 0, '0000-00-00 00:00:00', '0000-00-00 00:00:00'),
(642, 89, 'TPS-005', 281, 0, '0000-00-00 00:00:00', '0000-00-00 00:00:00'),
(643, 90, 'TPS-001', 238, 0, '0000-00-00 00:00:00', '0000-00-00 00:00:00'),
(644, 91, 'TPS-001', 224, 0, '0000-00-00 00:00:00', '0000-00-00 00:00:00'),
(645, 91, 'TPS-002', 208, 0, '0000-00-00 00:00:00', '0000-00-00 00:00:00'),
(646, 91, 'TPS-003', 276, 0, '0000-00-00 00:00:00', '0000-00-00 00:00:00'),
(647, 91, 'TPS-004', 257, 0, '0000-00-00 00:00:00', '0000-00-00 00:00:00'),
(648, 91, 'TPS-005', 194, 0, '0000-00-00 00:00:00', '0000-00-00 00:00:00'),
(649, 92, 'TPS-001', 173, 0, '0000-00-00 00:00:00', '0000-00-00 00:00:00'),
(650, 92, 'TPS-002', 190, 0, '0000-00-00 00:00:00', '0000-00-00 00:00:00'),
(651, 92, 'TPS-003', 229, 0, '0000-00-00 00:00:00', '0000-00-00 00:00:00'),
(652, 92, 'TPS-004', 162, 0, '0000-00-00 00:00:00', '0000-00-00 00:00:00'),
(653, 92, 'TPS-005', 211, 0, '0000-00-00 00:00:00', '0000-00-00 00:00:00'),
(654, 92, 'TPS-006', 262, 0, '0000-00-00 00:00:00', '0000-00-00 00:00:00'),
(655, 92, 'TPS-007', 262, 0, '0000-00-00 00:00:00', '0000-00-00 00:00:00'),
(656, 92, 'TPS-008', 248, 0, '0000-00-00 00:00:00', '0000-00-00 00:00:00'),
(657, 92, 'TPS-009', 252, 0, '0000-00-00 00:00:00', '0000-00-00 00:00:00'),
(658, 92, 'TPS-010', 278, 0, '0000-00-00 00:00:00', '0000-00-00 00:00:00'),
(659, 93, 'TPS-001', 224, 0, '0000-00-00 00:00:00', '0000-00-00 00:00:00'),
(660, 93, 'TPS-002', 222, 0, '0000-00-00 00:00:00', '0000-00-00 00:00:00'),
(661, 93, 'TPS-003', 214, 0, '0000-00-00 00:00:00', '0000-00-00 00:00:00'),
(662, 93, 'TPS-004', 221, 0, '0000-00-00 00:00:00', '0000-00-00 00:00:00'),
(663, 93, 'TPS-005', 199, 0, '0000-00-00 00:00:00', '0000-00-00 00:00:00'),
(664, 93, 'TPS-006', 246, 0, '0000-00-00 00:00:00', '0000-00-00 00:00:00'),
(665, 93, 'TPS-007', 255, 0, '0000-00-00 00:00:00', '0000-00-00 00:00:00'),
(666, 93, 'TPS-008', 211, 0, '0000-00-00 00:00:00', '0000-00-00 00:00:00'),
(667, 93, 'TPS-009', 208, 0, '0000-00-00 00:00:00', '0000-00-00 00:00:00'),
(668, 93, 'TPS-010', 185, 0, '0000-00-00 00:00:00', '0000-00-00 00:00:00'),
(669, 93, 'TPS-011', 207, 0, '0000-00-00 00:00:00', '0000-00-00 00:00:00'),
(670, 93, 'TPS-012', 212, 0, '0000-00-00 00:00:00', '0000-00-00 00:00:00'),
(671, 94, 'TPS-001', 238, 0, '0000-00-00 00:00:00', '0000-00-00 00:00:00'),
(672, 94, 'TPS-002', 231, 0, '0000-00-00 00:00:00', '0000-00-00 00:00:00'),
(673, 94, 'TPS-003', 233, 0, '0000-00-00 00:00:00', '0000-00-00 00:00:00'),
(674, 94, 'TPS-004', 251, 0, '0000-00-00 00:00:00', '0000-00-00 00:00:00'),
(675, 94, 'TPS-005', 204, 0, '0000-00-00 00:00:00', '0000-00-00 00:00:00'),
(676, 94, 'TPS-006', 174, 0, '0000-00-00 00:00:00', '0000-00-00 00:00:00');
INSERT INTO `tps` (`id_tps`, `id_desa`, `nama_tps`, `max_suara`, `isDeleted`, `created_at`, `updated_at`) VALUES
(677, 95, 'TPS-001', 209, 0, '0000-00-00 00:00:00', '0000-00-00 00:00:00'),
(678, 95, 'TPS-002', 220, 0, '0000-00-00 00:00:00', '0000-00-00 00:00:00'),
(679, 95, 'TPS-003', 203, 0, '0000-00-00 00:00:00', '0000-00-00 00:00:00'),
(680, 95, 'TPS-004', 198, 0, '0000-00-00 00:00:00', '0000-00-00 00:00:00'),
(681, 96, 'TPS-001', 278, 0, '0000-00-00 00:00:00', '0000-00-00 00:00:00'),
(682, 96, 'TPS-002', 257, 0, '0000-00-00 00:00:00', '0000-00-00 00:00:00'),
(683, 96, 'TPS-003', 227, 0, '0000-00-00 00:00:00', '0000-00-00 00:00:00'),
(684, 96, 'TPS-004', 259, 0, '0000-00-00 00:00:00', '0000-00-00 00:00:00'),
(685, 96, 'TPS-005', 264, 0, '0000-00-00 00:00:00', '0000-00-00 00:00:00'),
(686, 96, 'TPS-006', 180, 0, '0000-00-00 00:00:00', '0000-00-00 00:00:00'),
(687, 96, 'TPS-007', 271, 0, '0000-00-00 00:00:00', '0000-00-00 00:00:00'),
(688, 96, 'TPS-008', 174, 0, '0000-00-00 00:00:00', '0000-00-00 00:00:00'),
(689, 96, 'TPS-009', 198, 0, '0000-00-00 00:00:00', '0000-00-00 00:00:00'),
(690, 96, 'TPS-010', 189, 0, '0000-00-00 00:00:00', '0000-00-00 00:00:00'),
(691, 97, 'TPS-001', 277, 0, '0000-00-00 00:00:00', '0000-00-00 00:00:00'),
(692, 97, 'TPS-002', 277, 0, '0000-00-00 00:00:00', '0000-00-00 00:00:00'),
(693, 97, 'TPS-003', 247, 0, '0000-00-00 00:00:00', '0000-00-00 00:00:00'),
(694, 97, 'TPS-004', 255, 0, '0000-00-00 00:00:00', '0000-00-00 00:00:00'),
(695, 97, 'TPS-005', 211, 0, '0000-00-00 00:00:00', '0000-00-00 00:00:00'),
(696, 97, 'TPS-006', 183, 0, '0000-00-00 00:00:00', '0000-00-00 00:00:00'),
(697, 97, 'TPS-007', 197, 0, '0000-00-00 00:00:00', '0000-00-00 00:00:00'),
(698, 98, 'TPS-001', 264, 0, '0000-00-00 00:00:00', '0000-00-00 00:00:00'),
(699, 98, 'TPS-002', 257, 0, '0000-00-00 00:00:00', '0000-00-00 00:00:00'),
(700, 98, 'TPS-003', 268, 0, '0000-00-00 00:00:00', '0000-00-00 00:00:00'),
(701, 98, 'TPS-004', 251, 0, '0000-00-00 00:00:00', '0000-00-00 00:00:00'),
(702, 98, 'TPS-005', 249, 0, '0000-00-00 00:00:00', '0000-00-00 00:00:00'),
(703, 98, 'TPS-006', 258, 0, '0000-00-00 00:00:00', '0000-00-00 00:00:00'),
(704, 99, 'TPS-001', 269, 0, '0000-00-00 00:00:00', '0000-00-00 00:00:00'),
(705, 99, 'TPS-002', 215, 0, '0000-00-00 00:00:00', '0000-00-00 00:00:00'),
(706, 99, 'TPS-003', 256, 0, '0000-00-00 00:00:00', '0000-00-00 00:00:00'),
(707, 99, 'TPS-004', 168, 0, '0000-00-00 00:00:00', '0000-00-00 00:00:00'),
(708, 100, 'TPS-001', 173, 0, '0000-00-00 00:00:00', '0000-00-00 00:00:00'),
(709, 100, 'TPS-002', 210, 0, '0000-00-00 00:00:00', '0000-00-00 00:00:00'),
(710, 100, 'TPS-003', 255, 0, '0000-00-00 00:00:00', '0000-00-00 00:00:00'),
(711, 100, 'TPS-004', 204, 0, '0000-00-00 00:00:00', '0000-00-00 00:00:00'),
(712, 100, 'TPS-005', 213, 0, '0000-00-00 00:00:00', '0000-00-00 00:00:00'),
(713, 100, 'TPS-006', 256, 0, '0000-00-00 00:00:00', '0000-00-00 00:00:00'),
(714, 100, 'TPS-007', 265, 0, '0000-00-00 00:00:00', '0000-00-00 00:00:00'),
(715, 100, 'TPS-008', 253, 0, '0000-00-00 00:00:00', '0000-00-00 00:00:00'),
(716, 100, 'TPS-009', 261, 0, '0000-00-00 00:00:00', '0000-00-00 00:00:00'),
(717, 100, 'TPS-010', 248, 0, '0000-00-00 00:00:00', '0000-00-00 00:00:00'),
(718, 100, 'TPS-011', 272, 0, '0000-00-00 00:00:00', '0000-00-00 00:00:00'),
(719, 101, 'TPS-001', 243, 0, '0000-00-00 00:00:00', '0000-00-00 00:00:00'),
(720, 101, 'TPS-002', 265, 0, '0000-00-00 00:00:00', '0000-00-00 00:00:00'),
(721, 102, 'TPS-001', 213, 0, '0000-00-00 00:00:00', '0000-00-00 00:00:00'),
(722, 102, 'TPS-002', 287, 0, '0000-00-00 00:00:00', '0000-00-00 00:00:00'),
(723, 102, 'TPS-003', 257, 0, '0000-00-00 00:00:00', '0000-00-00 00:00:00'),
(724, 102, 'TPS-004', 270, 0, '0000-00-00 00:00:00', '0000-00-00 00:00:00'),
(725, 102, 'TPS-005', 254, 0, '0000-00-00 00:00:00', '0000-00-00 00:00:00'),
(726, 102, 'TPS-006', 248, 0, '0000-00-00 00:00:00', '0000-00-00 00:00:00'),
(727, 102, 'TPS-007', 292, 0, '0000-00-00 00:00:00', '0000-00-00 00:00:00'),
(728, 103, 'TPS-001', 268, 0, '0000-00-00 00:00:00', '0000-00-00 00:00:00'),
(729, 103, 'TPS-002', 241, 0, '0000-00-00 00:00:00', '0000-00-00 00:00:00'),
(730, 103, 'TPS-003', 196, 0, '0000-00-00 00:00:00', '0000-00-00 00:00:00'),
(731, 103, 'TPS-004', 253, 0, '0000-00-00 00:00:00', '0000-00-00 00:00:00'),
(732, 103, 'TPS-005', 258, 0, '0000-00-00 00:00:00', '0000-00-00 00:00:00'),
(733, 103, 'TPS-006', 248, 0, '0000-00-00 00:00:00', '0000-00-00 00:00:00'),
(734, 103, 'TPS-007', 260, 0, '0000-00-00 00:00:00', '0000-00-00 00:00:00'),
(735, 103, 'TPS-008', 276, 0, '0000-00-00 00:00:00', '0000-00-00 00:00:00'),
(736, 103, 'TPS-009', 266, 0, '0000-00-00 00:00:00', '0000-00-00 00:00:00'),
(737, 103, 'TPS-010', 233, 0, '0000-00-00 00:00:00', '0000-00-00 00:00:00'),
(738, 103, 'TPS-011', 274, 0, '0000-00-00 00:00:00', '0000-00-00 00:00:00'),
(739, 103, 'TPS-012', 257, 0, '0000-00-00 00:00:00', '0000-00-00 00:00:00'),
(740, 103, 'TPS-013', 250, 0, '0000-00-00 00:00:00', '0000-00-00 00:00:00'),
(741, 103, 'TPS-014', 264, 0, '0000-00-00 00:00:00', '0000-00-00 00:00:00'),
(742, 103, 'TPS-015', 257, 0, '0000-00-00 00:00:00', '0000-00-00 00:00:00'),
(743, 103, 'TPS-016', 244, 0, '0000-00-00 00:00:00', '0000-00-00 00:00:00'),
(744, 104, 'TPS-001', 164, 0, '0000-00-00 00:00:00', '0000-00-00 00:00:00'),
(745, 104, 'TPS-002', 151, 0, '0000-00-00 00:00:00', '0000-00-00 00:00:00'),
(746, 104, 'TPS-003', 164, 0, '0000-00-00 00:00:00', '0000-00-00 00:00:00'),
(747, 104, 'TPS-004', 170, 0, '0000-00-00 00:00:00', '0000-00-00 00:00:00'),
(748, 105, 'TPS-001', 248, 0, '0000-00-00 00:00:00', '0000-00-00 00:00:00'),
(749, 105, 'TPS-002', 267, 0, '0000-00-00 00:00:00', '0000-00-00 00:00:00'),
(750, 105, 'TPS-003', 226, 0, '0000-00-00 00:00:00', '0000-00-00 00:00:00'),
(751, 106, 'TPS-001', 191, 0, '0000-00-00 00:00:00', '0000-00-00 00:00:00'),
(752, 106, 'TPS-002', 194, 0, '0000-00-00 00:00:00', '0000-00-00 00:00:00'),
(753, 106, 'TPS-003', 277, 0, '0000-00-00 00:00:00', '0000-00-00 00:00:00'),
(754, 106, 'TPS-004', 233, 0, '0000-00-00 00:00:00', '0000-00-00 00:00:00'),
(755, 106, 'TPS-005', 133, 0, '0000-00-00 00:00:00', '0000-00-00 00:00:00'),
(756, 107, 'TPS-001', 223, 0, '0000-00-00 00:00:00', '0000-00-00 00:00:00'),
(757, 107, 'TPS-002', 286, 0, '0000-00-00 00:00:00', '0000-00-00 00:00:00'),
(758, 107, 'TPS-003', 195, 0, '0000-00-00 00:00:00', '0000-00-00 00:00:00'),
(759, 108, 'TPS-001', 280, 0, '0000-00-00 00:00:00', '0000-00-00 00:00:00'),
(760, 108, 'TPS-002', 281, 0, '0000-00-00 00:00:00', '0000-00-00 00:00:00'),
(761, 108, 'TPS-003', 266, 0, '0000-00-00 00:00:00', '0000-00-00 00:00:00'),
(762, 108, 'TPS-004', 261, 0, '0000-00-00 00:00:00', '0000-00-00 00:00:00'),
(763, 108, 'TPS-005', 275, 0, '0000-00-00 00:00:00', '0000-00-00 00:00:00'),
(764, 108, 'TPS-006', 293, 0, '0000-00-00 00:00:00', '0000-00-00 00:00:00'),
(765, 108, 'TPS-007', 280, 0, '0000-00-00 00:00:00', '0000-00-00 00:00:00'),
(766, 109, 'TPS-001', 209, 0, '0000-00-00 00:00:00', '0000-00-00 00:00:00'),
(767, 109, 'TPS-002', 220, 0, '0000-00-00 00:00:00', '0000-00-00 00:00:00'),
(768, 109, 'TPS-003', 219, 0, '0000-00-00 00:00:00', '0000-00-00 00:00:00'),
(769, 109, 'TPS-004', 251, 0, '0000-00-00 00:00:00', '0000-00-00 00:00:00'),
(770, 110, 'TPS-001', 227, 0, '0000-00-00 00:00:00', '0000-00-00 00:00:00'),
(771, 110, 'TPS-002', 242, 0, '0000-00-00 00:00:00', '0000-00-00 00:00:00'),
(772, 111, 'TPS-001', 244, 0, '0000-00-00 00:00:00', '0000-00-00 00:00:00'),
(773, 111, 'TPS-002', 264, 0, '0000-00-00 00:00:00', '0000-00-00 00:00:00'),
(774, 111, 'TPS-003', 257, 0, '0000-00-00 00:00:00', '0000-00-00 00:00:00'),
(775, 111, 'TPS-004', 269, 0, '0000-00-00 00:00:00', '0000-00-00 00:00:00'),
(776, 111, 'TPS-005', 250, 0, '0000-00-00 00:00:00', '0000-00-00 00:00:00'),
(777, 111, 'TPS-006', 253, 0, '0000-00-00 00:00:00', '0000-00-00 00:00:00'),
(778, 111, 'TPS-007', 163, 0, '0000-00-00 00:00:00', '0000-00-00 00:00:00'),
(779, 112, 'TPS-001', 288, 0, '0000-00-00 00:00:00', '0000-00-00 00:00:00'),
(780, 112, 'TPS-002', 287, 0, '0000-00-00 00:00:00', '0000-00-00 00:00:00'),
(781, 112, 'TPS-003', 276, 0, '0000-00-00 00:00:00', '0000-00-00 00:00:00'),
(782, 112, 'TPS-004', 263, 0, '0000-00-00 00:00:00', '0000-00-00 00:00:00'),
(783, 112, 'TPS-005', 245, 0, '0000-00-00 00:00:00', '0000-00-00 00:00:00'),
(784, 112, 'TPS-006', 257, 0, '0000-00-00 00:00:00', '0000-00-00 00:00:00'),
(785, 112, 'TPS-007', 261, 0, '0000-00-00 00:00:00', '0000-00-00 00:00:00'),
(786, 112, 'TPS-008', 284, 0, '0000-00-00 00:00:00', '0000-00-00 00:00:00'),
(787, 112, 'TPS-009', 288, 0, '0000-00-00 00:00:00', '0000-00-00 00:00:00'),
(788, 112, 'TPS-010', 288, 0, '0000-00-00 00:00:00', '0000-00-00 00:00:00'),
(789, 112, 'TPS-011', 293, 0, '0000-00-00 00:00:00', '0000-00-00 00:00:00'),
(790, 112, 'TPS-012', 279, 0, '0000-00-00 00:00:00', '0000-00-00 00:00:00'),
(791, 113, 'TPS-001', 181, 0, '0000-00-00 00:00:00', '0000-00-00 00:00:00'),
(792, 113, 'TPS-001', 190, 0, '0000-00-00 00:00:00', '0000-00-00 00:00:00'),
(793, 113, 'TPS-002', 244, 0, '0000-00-00 00:00:00', '0000-00-00 00:00:00'),
(794, 113, 'TPS-002', 168, 0, '0000-00-00 00:00:00', '0000-00-00 00:00:00'),
(795, 113, 'TPS-003', 223, 0, '0000-00-00 00:00:00', '0000-00-00 00:00:00'),
(796, 113, 'TPS-003', 178, 0, '0000-00-00 00:00:00', '0000-00-00 00:00:00'),
(797, 113, 'TPS-004', 233, 0, '0000-00-00 00:00:00', '0000-00-00 00:00:00'),
(798, 113, 'TPS-004', 185, 0, '0000-00-00 00:00:00', '0000-00-00 00:00:00'),
(799, 114, 'TPS-001', 251, 0, '0000-00-00 00:00:00', '0000-00-00 00:00:00'),
(800, 114, 'TPS-002', 260, 0, '0000-00-00 00:00:00', '0000-00-00 00:00:00'),
(801, 114, 'TPS-003', 198, 0, '0000-00-00 00:00:00', '0000-00-00 00:00:00'),
(802, 114, 'TPS-004', 200, 0, '0000-00-00 00:00:00', '0000-00-00 00:00:00'),
(803, 114, 'TPS-005', 273, 0, '0000-00-00 00:00:00', '0000-00-00 00:00:00'),
(804, 114, 'TPS-006', 277, 0, '0000-00-00 00:00:00', '0000-00-00 00:00:00'),
(805, 114, 'TPS-007', 282, 0, '0000-00-00 00:00:00', '0000-00-00 00:00:00'),
(806, 114, 'TPS-008', 278, 0, '0000-00-00 00:00:00', '0000-00-00 00:00:00'),
(807, 116, 'TPS-001', 217, 0, '0000-00-00 00:00:00', '0000-00-00 00:00:00'),
(808, 116, 'TPS-002', 232, 0, '0000-00-00 00:00:00', '0000-00-00 00:00:00'),
(809, 116, 'TPS-003', 232, 0, '0000-00-00 00:00:00', '0000-00-00 00:00:00'),
(810, 116, 'TPS-004', 219, 0, '0000-00-00 00:00:00', '0000-00-00 00:00:00'),
(811, 117, 'TPS-001', 165, 0, '0000-00-00 00:00:00', '0000-00-00 00:00:00'),
(812, 117, 'TPS-002', 237, 0, '0000-00-00 00:00:00', '0000-00-00 00:00:00'),
(813, 117, 'TPS-003', 181, 0, '0000-00-00 00:00:00', '0000-00-00 00:00:00'),
(814, 117, 'TPS-004', 135, 0, '0000-00-00 00:00:00', '0000-00-00 00:00:00'),
(815, 117, 'TPS-005', 162, 0, '0000-00-00 00:00:00', '0000-00-00 00:00:00'),
(816, 118, 'TPS-001', 212, 0, '0000-00-00 00:00:00', '0000-00-00 00:00:00'),
(817, 118, 'TPS-002', 212, 0, '0000-00-00 00:00:00', '0000-00-00 00:00:00'),
(818, 118, 'TPS-003', 236, 0, '0000-00-00 00:00:00', '0000-00-00 00:00:00'),
(819, 118, 'TPS-004', 200, 0, '0000-00-00 00:00:00', '0000-00-00 00:00:00'),
(820, 118, 'TPS-005', 191, 0, '0000-00-00 00:00:00', '0000-00-00 00:00:00'),
(821, 118, 'TPS-006', 180, 0, '0000-00-00 00:00:00', '0000-00-00 00:00:00'),
(822, 119, 'TPS-001', 216, 0, '0000-00-00 00:00:00', '0000-00-00 00:00:00'),
(823, 119, 'TPS-002', 154, 0, '0000-00-00 00:00:00', '0000-00-00 00:00:00'),
(824, 119, 'TPS-003', 192, 0, '0000-00-00 00:00:00', '0000-00-00 00:00:00'),
(825, 119, 'TPS-004', 105, 0, '0000-00-00 00:00:00', '0000-00-00 00:00:00'),
(826, 120, 'TPS-001', 263, 0, '0000-00-00 00:00:00', '0000-00-00 00:00:00'),
(827, 120, 'TPS-002', 252, 0, '0000-00-00 00:00:00', '0000-00-00 00:00:00'),
(828, 120, 'TPS-003', 251, 0, '0000-00-00 00:00:00', '0000-00-00 00:00:00'),
(829, 120, 'TPS-004', 280, 0, '0000-00-00 00:00:00', '0000-00-00 00:00:00'),
(830, 120, 'TPS-005', 285, 0, '0000-00-00 00:00:00', '0000-00-00 00:00:00'),
(831, 121, 'TPS-001', 219, 0, '0000-00-00 00:00:00', '0000-00-00 00:00:00'),
(832, 121, 'TPS-002', 227, 0, '0000-00-00 00:00:00', '0000-00-00 00:00:00'),
(833, 121, 'TPS-003', 190, 0, '0000-00-00 00:00:00', '0000-00-00 00:00:00'),
(834, 121, 'TPS-004', 205, 0, '0000-00-00 00:00:00', '0000-00-00 00:00:00'),
(835, 122, 'TPS-001', 262, 0, '0000-00-00 00:00:00', '0000-00-00 00:00:00'),
(836, 122, 'TPS-002', 226, 0, '0000-00-00 00:00:00', '0000-00-00 00:00:00'),
(837, 122, 'TPS-003', 227, 0, '0000-00-00 00:00:00', '0000-00-00 00:00:00'),
(838, 122, 'TPS-004', 250, 0, '0000-00-00 00:00:00', '0000-00-00 00:00:00'),
(839, 123, 'TPS-001', 241, 0, '0000-00-00 00:00:00', '0000-00-00 00:00:00'),
(840, 123, 'TPS-002', 244, 0, '0000-00-00 00:00:00', '0000-00-00 00:00:00'),
(841, 123, 'TPS-003', 248, 0, '0000-00-00 00:00:00', '0000-00-00 00:00:00'),
(842, 123, 'TPS-004', 247, 0, '0000-00-00 00:00:00', '0000-00-00 00:00:00'),
(843, 123, 'TPS-005', 151, 0, '0000-00-00 00:00:00', '0000-00-00 00:00:00'),
(844, 124, 'TPS-001', 210, 0, '0000-00-00 00:00:00', '0000-00-00 00:00:00'),
(845, 124, 'TPS-002', 181, 0, '0000-00-00 00:00:00', '0000-00-00 00:00:00'),
(846, 124, 'TPS-003', 168, 0, '0000-00-00 00:00:00', '0000-00-00 00:00:00'),
(847, 124, 'TPS-004', 252, 0, '0000-00-00 00:00:00', '0000-00-00 00:00:00'),
(848, 125, 'TPS-001', 184, 0, '0000-00-00 00:00:00', '0000-00-00 00:00:00'),
(849, 125, 'TPS-002', 150, 0, '0000-00-00 00:00:00', '0000-00-00 00:00:00'),
(850, 126, 'TPS-001', 106, 0, '0000-00-00 00:00:00', '0000-00-00 00:00:00'),
(851, 126, 'TPS-002', 174, 0, '0000-00-00 00:00:00', '0000-00-00 00:00:00'),
(852, 126, 'TPS-003', 213, 0, '0000-00-00 00:00:00', '0000-00-00 00:00:00'),
(853, 126, 'TPS-004', 262, 0, '0000-00-00 00:00:00', '0000-00-00 00:00:00'),
(854, 126, 'TPS-005', 158, 0, '0000-00-00 00:00:00', '0000-00-00 00:00:00'),
(855, 127, 'TPS-001', 158, 0, '0000-00-00 00:00:00', '0000-00-00 00:00:00'),
(856, 127, 'TPS-002', 243, 0, '0000-00-00 00:00:00', '0000-00-00 00:00:00'),
(857, 127, 'TPS-003', 172, 0, '0000-00-00 00:00:00', '0000-00-00 00:00:00'),
(858, 127, 'TPS-004', 157, 0, '0000-00-00 00:00:00', '0000-00-00 00:00:00'),
(859, 127, 'TPS-005', 157, 0, '0000-00-00 00:00:00', '0000-00-00 00:00:00'),
(860, 128, 'TPS-001', 196, 0, '0000-00-00 00:00:00', '0000-00-00 00:00:00'),
(861, 128, 'TPS-002', 152, 0, '0000-00-00 00:00:00', '0000-00-00 00:00:00'),
(862, 128, 'TPS-003', 223, 0, '0000-00-00 00:00:00', '0000-00-00 00:00:00'),
(863, 129, 'TPS-001', 143, 0, '0000-00-00 00:00:00', '0000-00-00 00:00:00'),
(864, 129, 'TPS-002', 176, 0, '0000-00-00 00:00:00', '0000-00-00 00:00:00'),
(865, 130, 'TPS-001', 187, 0, '0000-00-00 00:00:00', '0000-00-00 00:00:00'),
(866, 130, 'TPS-002', 179, 0, '0000-00-00 00:00:00', '0000-00-00 00:00:00'),
(867, 130, 'TPS-003', 191, 0, '0000-00-00 00:00:00', '0000-00-00 00:00:00'),
(868, 130, 'TPS-004', 61, 0, '0000-00-00 00:00:00', '0000-00-00 00:00:00'),
(869, 131, 'TPS-001', 212, 0, '0000-00-00 00:00:00', '0000-00-00 00:00:00'),
(870, 131, 'TPS-002', 194, 0, '0000-00-00 00:00:00', '0000-00-00 00:00:00'),
(871, 131, 'TPS-003', 149, 0, '0000-00-00 00:00:00', '0000-00-00 00:00:00'),
(872, 131, 'TPS-004', 195, 0, '0000-00-00 00:00:00', '0000-00-00 00:00:00'),
(873, 132, 'TPS-001', 139, 0, '0000-00-00 00:00:00', '0000-00-00 00:00:00'),
(874, 132, 'TPS-002', 178, 0, '0000-00-00 00:00:00', '0000-00-00 00:00:00'),
(875, 132, 'TPS-003', 254, 0, '0000-00-00 00:00:00', '0000-00-00 00:00:00'),
(876, 132, 'TPS-004', 261, 0, '0000-00-00 00:00:00', '0000-00-00 00:00:00'),
(877, 132, 'TPS-005', 126, 0, '0000-00-00 00:00:00', '0000-00-00 00:00:00'),
(878, 132, 'TPS-006', 237, 0, '0000-00-00 00:00:00', '0000-00-00 00:00:00'),
(879, 133, 'TPS-001', 178, 0, '0000-00-00 00:00:00', '0000-00-00 00:00:00'),
(880, 133, 'TPS-002', 114, 0, '0000-00-00 00:00:00', '0000-00-00 00:00:00'),
(881, 133, 'TPS-003', 124, 0, '0000-00-00 00:00:00', '0000-00-00 00:00:00'),
(882, 133, 'TPS-004', 99, 0, '0000-00-00 00:00:00', '0000-00-00 00:00:00'),
(883, 133, 'TPS-005', 278, 0, '0000-00-00 00:00:00', '0000-00-00 00:00:00'),
(884, 134, 'TPS-001', 198, 0, '0000-00-00 00:00:00', '0000-00-00 00:00:00'),
(885, 134, 'TPS-002', 194, 0, '0000-00-00 00:00:00', '0000-00-00 00:00:00'),
(886, 134, 'TPS-003', 193, 0, '0000-00-00 00:00:00', '0000-00-00 00:00:00'),
(887, 135, 'TPS-001', 266, 0, '0000-00-00 00:00:00', '0000-00-00 00:00:00'),
(888, 135, 'TPS-002', 265, 0, '0000-00-00 00:00:00', '0000-00-00 00:00:00'),
(889, 135, 'TPS-003', 266, 0, '0000-00-00 00:00:00', '0000-00-00 00:00:00'),
(890, 135, 'TPS-004', 241, 0, '0000-00-00 00:00:00', '0000-00-00 00:00:00'),
(891, 135, 'TPS-005', 258, 0, '0000-00-00 00:00:00', '0000-00-00 00:00:00'),
(892, 135, 'TPS-006', 256, 0, '0000-00-00 00:00:00', '0000-00-00 00:00:00'),
(893, 135, 'TPS-007', 272, 0, '0000-00-00 00:00:00', '0000-00-00 00:00:00'),
(894, 135, 'TPS-008', 227, 0, '0000-00-00 00:00:00', '0000-00-00 00:00:00'),
(895, 135, 'TPS-009', 270, 0, '0000-00-00 00:00:00', '0000-00-00 00:00:00'),
(896, 135, 'TPS-010', 270, 0, '0000-00-00 00:00:00', '0000-00-00 00:00:00'),
(897, 135, 'TPS-011', 249, 0, '0000-00-00 00:00:00', '0000-00-00 00:00:00'),
(898, 136, 'TPS-001', 261, 0, '0000-00-00 00:00:00', '0000-00-00 00:00:00'),
(899, 136, 'TPS-002', 266, 0, '0000-00-00 00:00:00', '0000-00-00 00:00:00'),
(900, 136, 'TPS-003', 279, 0, '0000-00-00 00:00:00', '0000-00-00 00:00:00'),
(901, 136, 'TPS-004', 195, 0, '0000-00-00 00:00:00', '0000-00-00 00:00:00'),
(902, 136, 'TPS-005', 188, 0, '0000-00-00 00:00:00', '0000-00-00 00:00:00'),
(903, 136, 'TPS-006', 281, 0, '0000-00-00 00:00:00', '0000-00-00 00:00:00'),
(904, 136, 'TPS-007', 2, 0, '0000-00-00 00:00:00', '0000-00-00 00:00:00'),
(905, 136, 'TPS-008', 281, 0, '0000-00-00 00:00:00', '0000-00-00 00:00:00'),
(906, 136, 'TPS-009', 293, 0, '0000-00-00 00:00:00', '0000-00-00 00:00:00'),
(907, 136, 'TPS-010', 297, 0, '0000-00-00 00:00:00', '0000-00-00 00:00:00'),
(908, 136, 'TPS-011', 296, 0, '0000-00-00 00:00:00', '0000-00-00 00:00:00'),
(909, 136, 'TPS-012', 297, 0, '0000-00-00 00:00:00', '0000-00-00 00:00:00'),
(910, 136, 'TPS-013', 275, 0, '0000-00-00 00:00:00', '0000-00-00 00:00:00'),
(911, 136, 'TPS-014', 294, 0, '0000-00-00 00:00:00', '0000-00-00 00:00:00'),
(912, 136, 'TPS-015', 297, 0, '0000-00-00 00:00:00', '0000-00-00 00:00:00'),
(913, 136, 'TPS-016', 294, 0, '0000-00-00 00:00:00', '0000-00-00 00:00:00'),
(914, 136, 'TPS-017', 284, 0, '0000-00-00 00:00:00', '0000-00-00 00:00:00'),
(915, 136, 'TPS-018', 216, 0, '0000-00-00 00:00:00', '0000-00-00 00:00:00'),
(916, 136, 'TPS-019', 260, 0, '0000-00-00 00:00:00', '0000-00-00 00:00:00'),
(917, 137, 'TPS-001', 287, 0, '0000-00-00 00:00:00', '0000-00-00 00:00:00'),
(918, 137, 'TPS-002', 171, 0, '0000-00-00 00:00:00', '0000-00-00 00:00:00'),
(919, 137, 'TPS-003', 259, 0, '0000-00-00 00:00:00', '0000-00-00 00:00:00'),
(920, 137, 'TPS-004', 238, 0, '0000-00-00 00:00:00', '0000-00-00 00:00:00'),
(921, 137, 'TPS-005', 174, 0, '0000-00-00 00:00:00', '0000-00-00 00:00:00'),
(922, 137, 'TPS-006', 226, 0, '0000-00-00 00:00:00', '0000-00-00 00:00:00'),
(923, 137, 'TPS-007', 293, 0, '0000-00-00 00:00:00', '0000-00-00 00:00:00'),
(924, 137, 'TPS-008', 266, 0, '0000-00-00 00:00:00', '0000-00-00 00:00:00'),
(925, 137, 'TPS-009', 181, 0, '0000-00-00 00:00:00', '0000-00-00 00:00:00'),
(926, 137, 'TPS-010', 273, 0, '0000-00-00 00:00:00', '0000-00-00 00:00:00'),
(927, 137, 'TPS-011', 277, 0, '0000-00-00 00:00:00', '0000-00-00 00:00:00'),
(928, 137, 'TPS-012', 247, 0, '0000-00-00 00:00:00', '0000-00-00 00:00:00'),
(929, 137, 'TPS-013', 278, 0, '0000-00-00 00:00:00', '0000-00-00 00:00:00'),
(930, 137, 'TPS-014', 295, 0, '0000-00-00 00:00:00', '0000-00-00 00:00:00'),
(931, 137, 'TPS-015', 274, 0, '0000-00-00 00:00:00', '0000-00-00 00:00:00'),
(932, 137, 'TPS-016', 243, 0, '0000-00-00 00:00:00', '0000-00-00 00:00:00'),
(933, 137, 'TPS-017', 262, 0, '0000-00-00 00:00:00', '0000-00-00 00:00:00'),
(934, 137, 'TPS-018', 236, 0, '0000-00-00 00:00:00', '0000-00-00 00:00:00'),
(935, 137, 'TPS-019', 262, 0, '0000-00-00 00:00:00', '0000-00-00 00:00:00'),
(936, 137, 'TPS-020', 269, 0, '0000-00-00 00:00:00', '0000-00-00 00:00:00'),
(937, 137, 'TPS-021', 258, 0, '0000-00-00 00:00:00', '0000-00-00 00:00:00'),
(938, 137, 'TPS-022', 206, 0, '0000-00-00 00:00:00', '0000-00-00 00:00:00'),
(939, 137, 'TPS-023', 120, 0, '0000-00-00 00:00:00', '0000-00-00 00:00:00'),
(940, 138, 'TPS-001', 249, 0, '0000-00-00 00:00:00', '0000-00-00 00:00:00'),
(941, 138, 'TPS-002', 277, 0, '0000-00-00 00:00:00', '0000-00-00 00:00:00'),
(942, 138, 'TPS-003', 262, 0, '0000-00-00 00:00:00', '0000-00-00 00:00:00'),
(943, 138, 'TPS-004', 239, 0, '0000-00-00 00:00:00', '0000-00-00 00:00:00'),
(944, 138, 'TPS-005', 186, 0, '0000-00-00 00:00:00', '0000-00-00 00:00:00'),
(945, 138, 'TPS-006', 259, 0, '0000-00-00 00:00:00', '0000-00-00 00:00:00'),
(946, 138, 'TPS-007', 179, 0, '0000-00-00 00:00:00', '0000-00-00 00:00:00'),
(947, 138, 'TPS-008', 240, 0, '0000-00-00 00:00:00', '0000-00-00 00:00:00'),
(948, 138, 'TPS-009', 143, 0, '0000-00-00 00:00:00', '0000-00-00 00:00:00'),
(949, 138, 'TPS-010', 134, 0, '0000-00-00 00:00:00', '0000-00-00 00:00:00'),
(950, 139, 'TPS-001', 196, 0, '0000-00-00 00:00:00', '0000-00-00 00:00:00'),
(951, 139, 'TPS-002', 183, 0, '0000-00-00 00:00:00', '0000-00-00 00:00:00'),
(952, 139, 'TPS-003', 198, 0, '0000-00-00 00:00:00', '0000-00-00 00:00:00'),
(953, 140, 'TPS-001', 187, 0, '0000-00-00 00:00:00', '0000-00-00 00:00:00'),
(954, 140, 'TPS-002', 162, 0, '0000-00-00 00:00:00', '0000-00-00 00:00:00'),
(955, 140, 'TPS-003', 242, 0, '0000-00-00 00:00:00', '0000-00-00 00:00:00'),
(956, 140, 'TPS-004', 260, 0, '0000-00-00 00:00:00', '0000-00-00 00:00:00'),
(957, 140, 'TPS-005', 272, 0, '0000-00-00 00:00:00', '0000-00-00 00:00:00'),
(958, 140, 'TPS-006', 276, 0, '0000-00-00 00:00:00', '0000-00-00 00:00:00'),
(959, 140, 'TPS-007', 276, 0, '0000-00-00 00:00:00', '0000-00-00 00:00:00'),
(960, 140, 'TPS-008', 251, 0, '0000-00-00 00:00:00', '0000-00-00 00:00:00'),
(961, 140, 'TPS-009', 181, 0, '0000-00-00 00:00:00', '0000-00-00 00:00:00'),
(962, 140, 'TPS-010', 188, 0, '0000-00-00 00:00:00', '0000-00-00 00:00:00'),
(963, 141, 'TPS-001', 260, 0, '0000-00-00 00:00:00', '0000-00-00 00:00:00'),
(964, 141, 'TPS-002', 266, 0, '0000-00-00 00:00:00', '0000-00-00 00:00:00'),
(965, 141, 'TPS-003', 260, 0, '0000-00-00 00:00:00', '0000-00-00 00:00:00'),
(966, 142, 'TPS-001', 275, 0, '0000-00-00 00:00:00', '0000-00-00 00:00:00'),
(967, 142, 'TPS-002', 278, 0, '0000-00-00 00:00:00', '0000-00-00 00:00:00'),
(968, 142, 'TPS-003', 282, 0, '0000-00-00 00:00:00', '0000-00-00 00:00:00'),
(969, 142, 'TPS-004', 279, 0, '0000-00-00 00:00:00', '0000-00-00 00:00:00'),
(970, 143, 'TPS-001', 268, 0, '0000-00-00 00:00:00', '0000-00-00 00:00:00'),
(971, 143, 'TPS-002', 232, 0, '0000-00-00 00:00:00', '0000-00-00 00:00:00'),
(972, 144, 'TPS-001', 139, 0, '0000-00-00 00:00:00', '0000-00-00 00:00:00'),
(973, 144, 'TPS-002', 218, 0, '0000-00-00 00:00:00', '0000-00-00 00:00:00'),
(974, 144, 'TPS-003', 241, 0, '0000-00-00 00:00:00', '0000-00-00 00:00:00'),
(975, 144, 'TPS-004', 194, 0, '0000-00-00 00:00:00', '0000-00-00 00:00:00'),
(976, 145, 'TPS-001', 188, 0, '0000-00-00 00:00:00', '0000-00-00 00:00:00'),
(977, 145, 'TPS-002', 189, 0, '0000-00-00 00:00:00', '0000-00-00 00:00:00'),
(978, 145, 'TPS-003', 262, 0, '0000-00-00 00:00:00', '0000-00-00 00:00:00'),
(979, 145, 'TPS-004', 271, 0, '0000-00-00 00:00:00', '0000-00-00 00:00:00'),
(980, 145, 'TPS-005', 263, 0, '0000-00-00 00:00:00', '0000-00-00 00:00:00'),
(981, 145, 'TPS-006', 272, 0, '0000-00-00 00:00:00', '0000-00-00 00:00:00'),
(982, 145, 'TPS-007', 258, 0, '0000-00-00 00:00:00', '0000-00-00 00:00:00'),
(983, 145, 'TPS-008', 297, 0, '0000-00-00 00:00:00', '0000-00-00 00:00:00'),
(984, 146, 'TPS-001', 265, 0, '0000-00-00 00:00:00', '0000-00-00 00:00:00'),
(985, 146, 'TPS-002', 245, 0, '0000-00-00 00:00:00', '0000-00-00 00:00:00'),
(986, 146, 'TPS-003', 289, 0, '0000-00-00 00:00:00', '0000-00-00 00:00:00'),
(987, 146, 'TPS-004', 294, 0, '0000-00-00 00:00:00', '0000-00-00 00:00:00'),
(988, 148, 'TPS-001', 285, 0, '0000-00-00 00:00:00', '0000-00-00 00:00:00'),
(989, 148, 'TPS-002', 248, 0, '0000-00-00 00:00:00', '0000-00-00 00:00:00'),
(990, 148, 'TPS-003', 162, 0, '0000-00-00 00:00:00', '0000-00-00 00:00:00'),
(991, 148, 'TPS-004', 154, 0, '0000-00-00 00:00:00', '0000-00-00 00:00:00'),
(992, 148, 'TPS-005', 208, 0, '0000-00-00 00:00:00', '0000-00-00 00:00:00'),
(993, 149, 'TPS-001', 252, 0, '0000-00-00 00:00:00', '0000-00-00 00:00:00'),
(994, 149, 'TPS-002', 237, 0, '0000-00-00 00:00:00', '0000-00-00 00:00:00'),
(995, 149, 'TPS-003', 262, 0, '0000-00-00 00:00:00', '0000-00-00 00:00:00'),
(996, 150, 'TPS-001', 200, 0, '0000-00-00 00:00:00', '0000-00-00 00:00:00'),
(997, 150, 'TPS-002', 222, 0, '0000-00-00 00:00:00', '0000-00-00 00:00:00'),
(998, 150, 'TPS-003', 252, 0, '0000-00-00 00:00:00', '0000-00-00 00:00:00'),
(999, 151, 'TPS-001', 292, 0, '0000-00-00 00:00:00', '0000-00-00 00:00:00'),
(1000, 151, 'TPS-002', 270, 0, '0000-00-00 00:00:00', '0000-00-00 00:00:00'),
(1001, 151, 'TPS-003', 202, 0, '0000-00-00 00:00:00', '0000-00-00 00:00:00'),
(1002, 151, 'TPS-004', 275, 0, '0000-00-00 00:00:00', '0000-00-00 00:00:00'),
(1003, 151, 'TPS-005', 282, 0, '0000-00-00 00:00:00', '0000-00-00 00:00:00'),
(1004, 151, 'TPS-006', 221, 0, '0000-00-00 00:00:00', '0000-00-00 00:00:00'),
(1005, 151, 'TPS-007', 205, 0, '0000-00-00 00:00:00', '0000-00-00 00:00:00'),
(1006, 152, 'TPS-001', 198, 0, '0000-00-00 00:00:00', '0000-00-00 00:00:00'),
(1007, 152, 'TPS-002', 199, 0, '0000-00-00 00:00:00', '0000-00-00 00:00:00'),
(1008, 152, 'TPS-003', 190, 0, '0000-00-00 00:00:00', '0000-00-00 00:00:00'),
(1009, 152, 'TPS-004', 203, 0, '0000-00-00 00:00:00', '0000-00-00 00:00:00'),
(1010, 152, 'TPS-005', 169, 0, '0000-00-00 00:00:00', '0000-00-00 00:00:00'),
(1011, 152, 'TPS-006', 201, 0, '0000-00-00 00:00:00', '0000-00-00 00:00:00'),
(1012, 152, 'TPS-007', 271, 0, '0000-00-00 00:00:00', '0000-00-00 00:00:00'),
(1013, 152, 'TPS-008', 280, 0, '0000-00-00 00:00:00', '0000-00-00 00:00:00'),
(1014, 152, 'TPS-009', 268, 0, '0000-00-00 00:00:00', '0000-00-00 00:00:00'),
(1015, 152, 'TPS-010', 278, 0, '0000-00-00 00:00:00', '0000-00-00 00:00:00'),
(1016, 152, 'TPS-011', 261, 0, '0000-00-00 00:00:00', '0000-00-00 00:00:00'),
(1017, 152, 'TPS-012', 192, 0, '0000-00-00 00:00:00', '0000-00-00 00:00:00'),
(1018, 153, 'TPS-001', 192, 0, '0000-00-00 00:00:00', '0000-00-00 00:00:00'),
(1019, 153, 'TPS-002', 252, 0, '0000-00-00 00:00:00', '0000-00-00 00:00:00');

-- --------------------------------------------------------

--
-- Table structure for table `users`
--

CREATE TABLE `users` (
  `id` int(10) UNSIGNED NOT NULL,
  `isAdmin` tinyint(1) NOT NULL DEFAULT '0',
  `name` varchar(255) COLLATE utf8mb4_unicode_ci NOT NULL,
  `email` varchar(255) COLLATE utf8mb4_unicode_ci NOT NULL,
  `password` varchar(255) COLLATE utf8mb4_unicode_ci NOT NULL,
  `remember_token` varchar(100) COLLATE utf8mb4_unicode_ci DEFAULT NULL,
  `created_at` timestamp NULL DEFAULT NULL,
  `updated_at` timestamp NULL DEFAULT NULL
) ENGINE=InnoDB DEFAULT CHARSET=utf8mb4 COLLATE=utf8mb4_unicode_ci;

--
-- Dumping data for table `users`
--

INSERT INTO `users` (`id`, `isAdmin`, `name`, `email`, `password`, `remember_token`, `created_at`, `updated_at`) VALUES
(1, 1, 'Admin', 'admin@admin.com', '$2y$10$OfVINmrH0sg2VogATY9yje/xWgcRKZ166oaXXxw9blnV4eC5zW9um', 'Dq2E15m8ZgZbszlnKR4hntcbeNJDhGYMyL08wKXsEQJ4OBSh1ixeFROM0H9b', '2019-03-27 08:42:24', '2019-03-27 08:42:24'),
(2, 0, 'Operator', 'operator@operator.com', '$2y$10$OfVINmrH0sg2VogATY9yje/xWgcRKZ166oaXXxw9blnV4eC5zW9um', 'lhD4lw0MciM8wJIsFgJk5MI89NGn7PylFrEM6JuvgIbmlDmjszcQLTQ0rxNA', '2019-03-27 08:44:05', '2019-03-27 08:44:05');

--
-- Indexes for dumped tables
--

--
-- Indexes for table `calon_dpr`
--
ALTER TABLE `calon_dpr`
  ADD PRIMARY KEY (`id_calon`),
  ADD KEY `id_partai` (`id_partai`),
  ADD KEY `id_dapil` (`id_dapil`);

--
-- Indexes for table `coblos_partai`
--
ALTER TABLE `coblos_partai`
  ADD PRIMARY KEY (`id_partai`,`id_tps`),
  ADD KEY `id_tps` (`id_tps`);

--
-- Indexes for table `dapil`
--
ALTER TABLE `dapil`
  ADD PRIMARY KEY (`id_dapil`);

--
-- Indexes for table `desa`
--
ALTER TABLE `desa`
  ADD PRIMARY KEY (`id_desa`),
  ADD KEY `id_kecamatan` (`id_kecamatan`);

--
-- Indexes for table `kecamatan`
--
ALTER TABLE `kecamatan`
  ADD PRIMARY KEY (`id_kecamatan`),
  ADD KEY `id_dapil` (`id_dapil`);

--
-- Indexes for table `partai`
--
ALTER TABLE `partai`
  ADD PRIMARY KEY (`id_partai`);

--
-- Indexes for table `pemilihan`
--
ALTER TABLE `pemilihan`
  ADD PRIMARY KEY (`id_pemilihan`),
  ADD KEY `id_tps` (`id_tps`),
  ADD KEY `id_calon` (`id_calon`),
  ADD KEY `created_by` (`created_by`);

--
-- Indexes for table `submitted_tps`
--
ALTER TABLE `submitted_tps`
  ADD PRIMARY KEY (`id_tps`);

--
-- Indexes for table `token`
--
ALTER TABLE `token`
  ADD PRIMARY KEY (`token`),
  ADD UNIQUE KEY `id_tps` (`id_tps`);

--
-- Indexes for table `tps`
--
ALTER TABLE `tps`
  ADD PRIMARY KEY (`id_tps`),
  ADD KEY `id_desa` (`id_desa`);

--
-- Indexes for table `users`
--
ALTER TABLE `users`
  ADD PRIMARY KEY (`id`);

--
-- AUTO_INCREMENT for dumped tables
--

--
-- AUTO_INCREMENT for table `calon_dpr`
--
ALTER TABLE `calon_dpr`
  MODIFY `id_calon` int(11) UNSIGNED NOT NULL AUTO_INCREMENT, AUTO_INCREMENT=440;

--
-- AUTO_INCREMENT for table `dapil`
--
ALTER TABLE `dapil`
  MODIFY `id_dapil` int(11) UNSIGNED NOT NULL AUTO_INCREMENT, AUTO_INCREMENT=18;

--
-- AUTO_INCREMENT for table `desa`
--
ALTER TABLE `desa`
  MODIFY `id_desa` int(11) UNSIGNED NOT NULL AUTO_INCREMENT, AUTO_INCREMENT=154;

--
-- AUTO_INCREMENT for table `kecamatan`
--
ALTER TABLE `kecamatan`
  MODIFY `id_kecamatan` int(11) UNSIGNED NOT NULL AUTO_INCREMENT, AUTO_INCREMENT=18;

--
-- AUTO_INCREMENT for table `partai`
--
ALTER TABLE `partai`
  MODIFY `id_partai` int(11) UNSIGNED NOT NULL AUTO_INCREMENT, AUTO_INCREMENT=19;

--
-- AUTO_INCREMENT for table `pemilihan`
--
ALTER TABLE `pemilihan`
  MODIFY `id_pemilihan` int(11) UNSIGNED NOT NULL AUTO_INCREMENT, AUTO_INCREMENT=2117;

--
-- AUTO_INCREMENT for table `submitted_tps`
--
ALTER TABLE `submitted_tps`
  MODIFY `id_tps` int(11) UNSIGNED NOT NULL AUTO_INCREMENT, AUTO_INCREMENT=628;

--
-- AUTO_INCREMENT for table `tps`
--
ALTER TABLE `tps`
  MODIFY `id_tps` int(11) UNSIGNED NOT NULL AUTO_INCREMENT, AUTO_INCREMENT=1020;

--
-- AUTO_INCREMENT for table `users`
--
ALTER TABLE `users`
  MODIFY `id` int(10) UNSIGNED NOT NULL AUTO_INCREMENT, AUTO_INCREMENT=3;

--
-- Constraints for dumped tables
--

--
-- Constraints for table `calon_dpr`
--
ALTER TABLE `calon_dpr`
  ADD CONSTRAINT `calon_dpr_ibfk_1` FOREIGN KEY (`id_partai`) REFERENCES `partai` (`id_partai`) ON DELETE CASCADE ON UPDATE CASCADE,
  ADD CONSTRAINT `calon_dpr_ibfk_2` FOREIGN KEY (`id_dapil`) REFERENCES `dapil` (`id_dapil`) ON DELETE CASCADE ON UPDATE CASCADE;

--
-- Constraints for table `coblos_partai`
--
ALTER TABLE `coblos_partai`
  ADD CONSTRAINT `coblos_partai_ibfk_1` FOREIGN KEY (`id_tps`) REFERENCES `tps` (`id_tps`) ON DELETE CASCADE ON UPDATE CASCADE,
  ADD CONSTRAINT `coblos_partai_ibfk_2` FOREIGN KEY (`id_partai`) REFERENCES `partai` (`id_partai`) ON DELETE CASCADE ON UPDATE CASCADE;

--
-- Constraints for table `desa`
--
ALTER TABLE `desa`
  ADD CONSTRAINT `desa_ibfk_1` FOREIGN KEY (`id_kecamatan`) REFERENCES `kecamatan` (`id_kecamatan`) ON DELETE CASCADE ON UPDATE CASCADE;

--
-- Constraints for table `kecamatan`
--
ALTER TABLE `kecamatan`
  ADD CONSTRAINT `kecamatan_ibfk_1` FOREIGN KEY (`id_dapil`) REFERENCES `dapil` (`id_dapil`) ON DELETE CASCADE ON UPDATE CASCADE;

--
-- Constraints for table `pemilihan`
--
ALTER TABLE `pemilihan`
  ADD CONSTRAINT `pemilihan_ibfk_1` FOREIGN KEY (`id_tps`) REFERENCES `tps` (`id_tps`) ON DELETE CASCADE ON UPDATE CASCADE,
  ADD CONSTRAINT `pemilihan_ibfk_2` FOREIGN KEY (`id_calon`) REFERENCES `calon_dpr` (`id_calon`) ON DELETE CASCADE ON UPDATE CASCADE,
  ADD CONSTRAINT `pemilihan_ibfk_3` FOREIGN KEY (`created_by`) REFERENCES `users` (`id`) ON DELETE CASCADE ON UPDATE CASCADE;

--
-- Constraints for table `submitted_tps`
--
ALTER TABLE `submitted_tps`
  ADD CONSTRAINT `submitted_tps_ibfk_1` FOREIGN KEY (`id_tps`) REFERENCES `tps` (`id_tps`) ON DELETE CASCADE ON UPDATE CASCADE;

--
-- Constraints for table `token`
--
ALTER TABLE `token`
  ADD CONSTRAINT `token_ibfk_1` FOREIGN KEY (`id_tps`) REFERENCES `tps` (`id_tps`) ON DELETE CASCADE ON UPDATE CASCADE;

--
-- Constraints for table `tps`
--
ALTER TABLE `tps`
  ADD CONSTRAINT `tps_ibfk_1` FOREIGN KEY (`id_desa`) REFERENCES `desa` (`id_desa`) ON DELETE CASCADE ON UPDATE CASCADE;
COMMIT;

/*!40101 SET CHARACTER_SET_CLIENT=@OLD_CHARACTER_SET_CLIENT */;
/*!40101 SET CHARACTER_SET_RESULTS=@OLD_CHARACTER_SET_RESULTS */;
/*!40101 SET COLLATION_CONNECTION=@OLD_COLLATION_CONNECTION */;
